chr10	10015076	C	T	1.01112402355213	3.14775245083158
chrX	52168456	C	A	4.28025392581101	3.15482351020912
chr8	127455689	A	C	6.18150928286783	1.22603270446594
chr18	59561486	T	C	1.95361367191031	3.90779520995398
chr13	21518822	T	C	1.90723584749426	4.03557071686182
chr5	109034321	C	T	0.669313603216556	3.32577425599669
chr3	130749152	C	T	1.53841616720801	3.18675099455545
chr15	70311326	A	G	1.02152917575845	3.65187111631635
chr13	23152005	C	T	0.936318182098191	4.82570098853414
chr3	38201049	A	T	10.8044707968602	1.73403572849595
chr1	2998709	G	A	6.02146852077603	0.744671875202594
chr10	47989210	G	A	1.513956230036	4.76058596657063
chr11	29502484	G	A	1.4057101269388	3.31649899523345
chr2	34771769	C	T	2.29160628561921	3.01757124183779
chr16	27144087	C	G	6.52824727639274	1.30772555123486
chr6	111925765	G	C	3.18503718659134	7.78088859967268
chr5	9624243	C	G	2.26796924177651	3.58942682190739
chr4	169919990	C	T	4.17749638078769	0.727742288492662
chr8	109283998	A	C	4.43605293616545	3.13987990378906
chr4	31259289	T	C	6.00151852008863	9.08041415075774
chr19	56472561	A	G	2.20504715229452	4.47860898272376
chr2	7027432	G	A	3.67040973791728	1.48698650418106
chr5	89397039	C	T	1.64917571478352	5.53221698049222
chr5	143979579	C	T	3.54101685395501	2.06572760412043
chr7	23512544	T	C	1.45068989148615	4.27519387441293
chr2	161748720	C	T	1.50517856867682	3.09424616067859
chr21	28867605	C	T	1.23771354365765	5.20280291038449
chr12	31778773	C	T	14.0793363513668	5.64448087181953
chr8	30977546	A	G	4.441363796256	6.29618542520906
chrX	22255874	T	C	1.66576665992803	4.06358363088603
chr5	79959590	C	T	22.0621499405455	6.59156357597243
chr18	58624363	A	G	2.89543447628227	7.51844372196202
chr18	64110772	C	T	2.27919822030685	3.06453114256726
chr14	86207801	T	C	2.38493473785394	4.54112273875156
chr22	35578894	T	G	2.09515204036891	3.35864234667135
chr8	95151519	G	C	1.28567842493504	4.43665456744802
chr1	102022975	T	C	0.691703299142208	6.05794952005437
chr1	156195499	T	G	9.48497803010397	22.2032866408286
chrX	80040025	C	A	0.674789360011989	8.42291024707181
chr4	169069824	G	A	1.34290727866741	10.2447989356393
chr6	11755096	A	T	8.27028423827481	1.48437122514579
chr21	24060296	C	T	11.5232087869421	3.19082580576529
chr2	77619299	A	T	4.2356117717282	2.52195593126638
chr14	48636725	T	C	1.87151798746856	9.41310012386125
chr9	93806486	C	G	3.39175804739626	1.4506737863511
chr15	31507212	A	C	4.5780815996968	3.75103268356708
chr6	31652743	T	G	32.3218722820477	20.2137596460918
chr11	25920874	C	T	6.4508041380252	33.4858165406589
chr10	69839914	G	T	8.24658764135092	1.42360213697288
chr3	82572867	T	G	1.15428505893794	5.0441320451561
chr10	563640	A	C	1.21325306601313	4.0247682566008
chr3	136839113	CT	C	5.12784031765913	7.86213753754642
chr17	12070753	A	G	3.00651124006333	4.50667150726785
chr4	80070271	A	G	30.3460209211721	1.50718721242721
chr1	20733863	G	A	2.16655245582688	9.39661170884119
chr5	96573625	G	T	1.42918659646688	4.85209308254887
chr5	178094573	C	T	3.40192757319238	0.610146604920444
chr6	66328258	G	C	4.04492239650727	2.20951150562443
chr5	10268088	A	G	1.08225840368248	3.91991008967218
chr12	133128077	A	G	2.35663193743023	4.48551969352516
chr2	197591586	C	A	3.52681704803914	30.2770028981637
chr6	93096058	C	G	4.02287268730794	0.901705327481031
chr9	103854616	G	A	9.96691782236584	4.86525784222604
chr17	15231955	C	A	3.63057464112392	1.84110761863283
chr2	172211679	G	C	7.99190793802012	2.16846130941725
chr13	79018509	T	C	3.22992135017275	1.06441718937811
chr10	3811826	C	T	1.58028204124303	6.77388719221038
chr9	71726154	T	A	5.82519940802707	2.26400818204465
chr20	3616524	A	G	6.37245189808016	1.69646284603254
chr3	164945447	T	C	4.35973413217068	20.0053165023624
chr2	58254063	C	T	1.98268287839037	3.41601599436748
chr2	161916861	C	T	0.843043687195591	6.31234929287583
chr18	50349974	T	A	8.61326148209983	3.13570543212213
chrX	140796882	T	C	2.44671278116874	8.59563297549625
chr12	127880978	T	C	9.44738377482984	0.693617754761375
chr4	72000298	G	A	13.7974126542577	6.63545846023
chr11	44316705	C	T	3.26625810547412	1.14550144280408
chr5	6978837	G	A	1.28734607178304	4.61661518012527
chr11	123674468	C	T	3.09402041009109	1.60095538972172
chr19	37430448	T	C	4.22301065277883	1.38083304176021
chr16	83054496	C	T	1.51506474166085	4.08006739536797
chr11	127209092	C	T	2.01635728845718	5.83024619970198
chr9	112191818	C	G	0.415006595892854	4.3432639935433
chr3	137165716	G	A	2.15850550610846	3.07811064326077
chr18	79989181	C	T	6.61172597890942	0.889867698499809
chr1	31471892	G	C	6.99014301693253	3.99800211078117
chr4	161321924	C	G	1.28565395939862	3.13033303896724
chrX	6249017	C	T	2.28925895094115	3.2333062438882
chr17	202654	G	A	1.41297662601806	4.61053077631087
chr10	59632098	C	G	4.19670925875526	1.28164059122096
chr1	175919646	CT	C	1.177473972704	3.0815039125424
chr3	157789367	A	G	6.7909215002876	3.61747238334829
chr15	58193869	A	AAACTGGAAGCTCGAACTGGAAGCTCG	2.76828016335127	6.31830786642651
chr2	47028377	T	C	0.72727552956497	3.82682947526135
chr7	155360446	A	G	9.13084407349499	1.27495253435856
chr1	33573786	A	G	1.13385375951873	3.15282067638119
chr7	4386309	T	C	1.88233048278754	6.46631033859139
chr4	70516497	C	T	0.849945959742155	5.4404480456625
chr19	3116727	C	T	3.46087210949924	5.5668356765757
chr17	8773897	C	T	0.70909413248844	3.88732391323508
chr12	96591322	G	A	4.11417521973367	1.76814610213859
chr20	723915	A	G	2.31857402461827	4.20451628870692
chr13	59556361	T	C	1.61671773687979	3.29383408164233
chr9	137123812	CT	C	1.23715838432068	3.0750529216402
chr10	101222940	T	C	2.82427987397541	4.19702817515478
chr15	52808648	G	C	2.40651190630951	6.7670773229306
chr1	16089166	G	A	10.0375115678591	3.30378427400375
chr12	115936870	C	G	0.913703364647477	10.8452664282663
chr12	25804598	C	T	0.839740330454128	3.03769939813913
chr12	78194603	A	T	7.32169929139479	17.0292190011012
chr6	98871176	A	G	1.77214188893422	6.04539814546915
chr6	107425608	C	G	4.93415106957639	2.15659981680057
chr16	80027099	C	G	5.66033743795008	8.98405423847889
chr4	40316886	C	A	4.36337986298849	1.94938672422084
chr2	230352494	A	G	0.323939246058104	3.08219370483829
chr13	30149465	A	G	1.28884355773766	5.11878613040593
chr8	80937820	T	C	2.83569914654286	3.73687483508219
chr5	145834975	G	A	3.2020026869052	1.63178231939557
chr11	93452786	T	C	0.735123655251205	6.26875073608077
chr1	243454762	G	A	3.67859286787679	0.848745808875754
chr1	75009847	A	G	12.6734925978501	6.02756765312037
chr11	132611278	C	T	2.51674505869523	5.51154069172547
chr14	58716855	C	A	1.47217727060097	4.43294558510574
chr5	171548186	A	G	0.609660918304108	10.4607266096196
chr12	21546557	C	G	0.974340030916812	3.74520073835853
chr14	21042085	T	A	3.9762064516986	3.8484836536367
chr11	18268520	G	T	6.70851532013764	3.32050066847499
chr6	132200148	A	G	1.63032031217246	15.4159071881806
chr6	159761813	A	G	1.10836859043775	9.79469595813458
chr10	65826501	A	T	1.37727637723263	4.04908173365719
chr6	117372323	A	G	1.7805962161857	6.24276087926336
chr4	20840555	C	T	8.98071738288966	9.61414757234529
chr12	20763096	T	G	1.86452873675206	3.59087624832366
chr13	30870408	G	T	10.0833827144195	16.4719153953015
chr6	81001050	C	A	1.34067926321565	3.41369031284637
chr2	148825941	G	T	5.12888974253718	1.92405565233886
chr18	60259029	C	T	4.9200581552102	3.70713273574588
chr12	11457139	A	G	3.65533426563377	2.60408004700187
chr17	69762667	A	C	1.7468010831309	4.17595981913624
chr4	48173490	T	C	2.78724593088954	6.09884817058751
chr6	158598863	T	C	1.50406473168508	5.76336341897424
chr3	8322155	A	C	3.20639404376781	1.01948252558074
chr2	2612821	T	C	0.656540149615864	3.25101588341234
chr4	185504733	C	T	3.06176586554038	6.16956638978013
chr17	885431	C	G	1.40074710655203	3.42927094292406
chr8	60276129	G	A	6.23738719129113	9.96043516927977
chr21	35499583	G	T	3.43181952767925	2.59335893833069
chr12	6085017	T	A	3.3932456801322	2.5030195418367
chr6	159256808	G	A	6.67485165372274	3.60480247458763
chr5	5252553	A	T	1.1284260950851	3.22278827163231
chr15	37652673	T	TGTGG	2.20625985054985	6.28647348649148
chr10	114320596	T	C	4.8454107430752	3.68281698565266
chr11	86623366	C	A	3.07646319862619	6.62395393830938
chr4	164932971	T	C	4.35876231263917	2.9889556736381
chr2	78190063	A	C	0.771622749492696	3.58589059090242
chr2	106320908	T	C	10.4993564899445	2.17450830937022
chr11	3627015	G	T	13.8758255810602	1.86476805568505
chr9	75664474	T	C	0.962544211817944	5.99406213723688
chr3	143140356	C	CAAAA	6.54645191315968	8.19747817432807
chr12	109089144	C	A	3.06276393945658	0.937436610945521
chr6	156330809	T	C	2.20423676677688	4.23162048829442
chr12	126954940	GA	G	1.33832603932661	4.47514239940148
chr13	94090234	G	A	20.763589251991	1.20979187477088
chr4	70516088	G	A	14.2898368902041	4.00497505289691
chr4	52383971	T	C	1.6592157195256	7.59463951921779
chr10	24171719	G	A	3.06621706556168	1.31351305507708
chr6	166257344	C	A	6.15167677469105	1.25460659457309
chr17	46193786	G	A	6.54720842702107	9.10333624312047
chr3	153452355	A	G	1.68469106673624	10.1994443144286
chr7	80943277	C	A	1.82556924991625	3.06814984277625
chr13	38028905	T	G	0.751168339640985	4.20181715251433
chr2	2311249	T	G	2.65220710229294	4.63490146930004
chr17	47240051	T	A	10.4469552204046	3.088403914982
chr11	35067291	G	C	4.6252874165153	2.13944842122783
chr13	51163218	C	T	2.58209782224229	3.03066732138035
chr4	63771744	T	C	0.55721544662153	4.3298740589552
chr20	39157009	C	T	1.08817592660574	3.84269092984941
chr15	33694394	T	G	3.02265724526407	0.867681125601899
chr14	90443782	G	A	4.1882754856914	1.6879734064971
chr16	83540327	C	T	2.51893745570124	3.32243146916603
chr12	13796435	C	T	3.43469811242232	1.3707133612582
chr11	5564654	G	A	1.58710700728651	4.38401332414934
chr14	98349177	T	C	1.30825085241868	4.11079780469648
chr8	76780354	T	C	0.504188610719931	3.16839438184353
chr4	112991204	C	T	7.06883437531045	1.99111039837775
chr1	164021357	T	C	1.89352630876564	4.50671181727449
chrX	113099549	T	C	3.35050927053437	1.87010403797816
chr1	183186170	G	A	1.86169540298264	5.2326683554419
chr4	143726893	T	G	1.67724514675731	3.51454336607848
chr3	186965312	T	G	1.26128885417921	4.70792822087869
chr10	122301287	G	A	4.23960442660855	1.4432906639955
chr6	116442239	T	G	1.70859992714197	4.1203201359191
chr6	158031156	A	G	3.19166707677965	1.50968950102825
chr4	83224058	C	G	0.675090912853394	3.80940267161498
chr19	14632064	G	A	0.474277641487986	3.30471206435047
chr10	27242995	C	G	11.047805726667	1.27108318798965
chr10	13827173	G	A	9.43422326405089	5.68935410401605
chr14	62178631	G	C	6.81932509437708	2.93284969877239
chr15	92528937	A	G	1.44954457858843	4.64218213122374
chr10	12645970	GT	G	5.36485607755243	0.497202278437804
chr22	23743060	G	A	4.53247912403566	1.00438644114614
chr20	42028628	T	A	1.48687440618481	4.94057062765495
chr6	69405270	T	C	6.38676319593171	4.37836476944799
chr8	29513507	C	A	12.7912614005041	3.94722595427277
chr1	205321666	G	A	4.11736177947184	1.65422904160115
chr12	21058577	G	T	7.32956801184424	0.87630125566981
chr1	13881948	G	C	3.13179699021872	4.16401818447127
chr5	137696086	T	C	3.5345650164081	2.03206914378764
chr16	86695368	G	A	1.52550346491529	6.52062330766939
chr12	106023286	T	C	3.82150075019527	1.03647983834717
chr7	262942	G	C	2.16784000233404	3.54703107042106
chr16	80912147	T	C	2.42362177547538	4.46827498377094
chr5	118034182	C	T	12.7744567593135	38.568463807675
chr2	81810342	C	T	7.65904937357898	1.38574431824939
chr3	2981374	T	G	2.35782075229136	6.02346311032865
chr1	31471498	C	A	2.47998515862883	6.32264612798462
chr7	4844028	C	T	4.53659624355322	1.08542969981558
chr4	142615140	T	C	7.86199981787597	22.4918877208679
chr10	75469030	G	A	5.25439918213818	1.90601979255148
chr4	70521863	G	A	3.55257735613536	1.78610801293251
chr6	13343956	G	A	6.18659975375596	0.869063353853366
chr11	133005702	G	T	0.82307369247115	3.14614767951372
chr4	22777768	G	A	8.40400811179386	14.4890799710932
chr2	34409235	A	C	0.994800591799904	3.32619464199931
chr4	53483170	G	C	17.1357031415226	6.1067702133674
chr13	31970730	T	C	4.01164485139772	6.89378816289438
chr8	38565153	G	T	3.81421294876969	6.9847093554987
chr2	182441925	A	G	1.25492999116626	5.8519018810904
chr10	13028209	T	C	1.09144537606033	4.70397835558455
chr21	28104213	A	G	0.823477837292841	3.34965700160545
chrX	125649302	A	G	2.03196391255199	4.53747033831409
chr6	11754914	C	T	6.24132646740577	1.17084380403754
chr21	42076272	G	T	4.12953096169626	1.35398933275123
chrX	121353399	G	A	1.85508463536981	3.09504044753953
chr2	181208692	T	C	3.03839921093193	0.492755083395198
chr1	183869981	G	A	2.90308955660029	3.57290573794089
chr1	171390697	G	C	20.3693718208157	22.7152416319389
chr12	126449674	C	T	6.44710510103089	4.45382788796006
chr2	66854505	G	T	3.27977276878014	1.40960378388306
chr3	193483613	C	T	1.15903597297577	3.73202184950174
chr13	27919860	G	A	1.366321758878	3.8127508412156
chr5	39661854	C	T	1.35810623043797	6.81068044910523
chrX	4860942	C	T	2.00951807640793	4.93812986857519
chr11	25727770	T	A	1.92109975732466	3.04726302145052
chr11	39260704	A	T	0.876495597334283	3.11302338944674
chr7	89138712	A	T	4.50695972316455	2.21050644840739
chr13	86821935	A	C	1.61228971412798	5.8408601961912
chr14	94311163	T	G	3.2249423186291	1.31686022150435
chr1	25820393	C	G	26.3221906575716	7.93717149825869
chr11	33061156	A	G	1.58396636055138	3.71989892438247
chr4	101529773	A	G	0.794863116556864	3.12168820949917
chr6	128667664	C	A	1.8775239584658	3.53626716599223
chr11	131374825	C	T	4.50852644792401	8.16922687211134
chr22	23680788	A	T	3.68134991728205	0.693400504453217
chr18	76266516	G	A	6.60269964539256	1.66646627720929
chr2	185568494	C	G	6.73875239477588	10.9950730234035
chr6	31016991	G	A	3.02132384449089	1.91322826136161
chr10	23489529	C	A	2.25776703523329	5.13579268591097
chr5	73692118	G	A	7.52213307130414	8.90794874424004
chr10	50795972	T	G	3.08797131400102	2.89731072215632
chr18	27830639	A	G	0.874027888457646	3.35508683132425
chr16	2301188	A	G	1.25291941988503	3.24691381328645
chr10	131454224	G	A	4.37847284749533	2.96759478073363
chr10	124064272	C	T	3.21264380949251	1.58721674070665
chr18	43970817	A	G	1.18364957465741	5.69095706509661
chr3	28841788	C	T	3.21430112414548	1.33235289599353
chr2	31429485	C	T	4.00365144054849	0.571500049665826
chr1	1476551	C	G	0.742401583885119	3.41496320358093
chr7	78047069	C	A	1.04858839334821	4.28466864642479
chr17	49122070	G	A	2.42350243444497	4.32735138216724
chr3	1477128	C	T	4.26015270140147	0.384804136820467
chr14	45136202	G	C	13.3988457201867	19.9298376642505
chr5	149240661	T	G	3.90688540268945	2.14146676853113
chr7	157844140	A	G	18.6330508124974	1.31584402012329
chr17	78404155	G	A	5.43682605764811	0.883180806591841
chr2	2804914	T	C	5.67605535929939	9.4865307970249
chr17	48261315	A	G	3.92315671018443	1.89203486562569
chr9	98463029	C	T	3.6675233546554	2.23409346154677
chr11	117968292	G	A	2.39665479337181	3.08400711655546
chr1	180563766	G	A	3.65041954380187	1.41705683835763
chr3	149340531	T	C	18.2529465813877	13.6518112057363
chr1	94642330	A	G	4.29042117753418	1.13039839905004
chr12	24575068	C	T	13.1522047883662	6.23631515153353
chr14	98077375	C	T	2.58139935488659	3.98512064007497
chr15	39283018	G	A	1.9529632569656	3.81254459469498
chr6	91871159	T	C	3.06282885487367	1.68044934801901
chrX	133353195	A	C	1.23338790362808	3.21690581584967
chr3	19378255	G	A	3.71449353446826	0.695312088758256
chr10	10911856	A	G	4.41195828713278	3.26330118637672
chr9	36997054	G	T	1.92826228113161	3.15411082290514
chr5	14065574	C	T	3.8819062068243	0.680671405057128
chr10	123312363	G	A	3.57422993327696	1.47287869432698
chr11	116223374	A	G	1.28448062894597	10.2262836939888
chr5	14507796	A	G	1.57532858534193	3.96116290053405
chr7	151925435	A	C	4.40509069177685	2.13193842477176
chr1	205544060	T	TTTACAACACCTGACCCCAACTTGGGACTTGGGATGGC	2.25790075081242	3.01320232243021
chr17	5630190	G	T	11.3795201667553	14.8189799933646
chr2	208470487	C	T	12.9201792400175	1.06568782150313
chr8	19218665	T	C	8.11001369346785	6.18665771546392
chr8	137979262	G	A	3.64601651198768	2.04931065358954
chr4	43959131	C	T	9.07293573784635	3.28634545624572
chr4	70449536	A	G	3.05602582067489	4.24407376826384
chr5	40642582	C	T	1.86271906588749	5.37275159352574
chr9	126443419	G	A	4.44873108190139	0.737651893052913
chr16	77606373	C	T	1.13319339915632	3.36084711397681
chr2	196054718	G	A	3.26721036064895	6.44472182763964
chr2	22388430	A	T	1.19755871467515	3.01919086880437
chr2	46416982	T	A	5.1034907024045	3.09650530980907
chr9	23405789	A	C	1.02066416270416	4.00564723700802
chr8	9926029	G	A	1.36042980110142	4.34358461278997
chr3	158726067	A	G	2.30494005936441	3.49136900002447
chr2	55020121	C	T	1.45623657086008	4.64916337537646
chr1	171826114	A	C	2.58926133813901	3.90002467702466
chr15	26667833	G	A	5.32074372222009	3.57026466112783
chr12	43471447	A	G	4.02123452246603	6.56767099785753
chr2	16045541	T	C	8.51013707539997	6.86705755044219
chr2	2671565	CA	C	2.80817686724884	4.42956126118266
chr20	58307182	T	C	4.84366571521264	11.116506468782
chr12	32689283	T	C	1.0273104911802	3.16723447639685
chrX	126253382	C	T	1.40026688139873	3.09139689101085
chr3	127355982	A	G	0.882568913850789	5.2622898773294
chr14	70186600	C	T	4.52909292190099	1.70195320945111
chr4	84249581	A	G	1.61163335474824	5.71837229681939
chr14	60179494	G	A	2.29724334303043	3.44048730753905
chr8	14776379	A	G	6.60642664248723	2.12884171448909
chr8	30407612	A	G	2.1815718678722	4.06390931545944
chr15	85057609	A	G	4.60354545985067	5.53944670604536
chr3	46127668	G	C	16.4274642412769	6.45760727646908
chr3	149983326	CG	C	2.16037701523547	3.74186365522616
chr22	20829593	T	A	1.37178618403125	3.14338415409874
chr3	76561777	C	T	1.43945164333063	3.03378864067522
chr20	58790787	G	A	1.17167932553478	3.2330572830177
chr20	3494376	A	G	3.07970140376472	0.982200051989808
chr13	101258266	G	A	25.2679696604992	3.20019106023871
chr11	92130536	G	T	1.40946246946081	4.84235807834067
chr3	67030266	C	A	1.59016119043023	3.06764422347076
chr7	49699145	T	C	3.33724280647975	1.10729265514722
chr2	83007309	A	C	0.589121750889801	4.79048778763673
chr2	86352562	T	G	2.75523697097791	4.81061106115951
chr3	72348133	C	A	16.5009635602988	3.98500399016407
chr4	14441696	A	G	0.827770322358023	6.99363814144544
chr5	152963109	C	T	1.39903831312745	4.01478001973963
chr18	54388911	A	C	28.2876793670191	6.50367443433749
chr3	183132096	G	A	2.02010044544341	5.5195243832235
chr1	13458594	A	G	3.33976213402449	0.477309386707418
chr7	48189361	C	T	1.66162436441699	7.786072590318
chr22	24208892	C	T	1.34328061036465	3.48110661261607
chr4	38323307	G	A	4.8881920082302	1.88030112480468
chr5	42111866	G	A	3.78561678894528	1.37440086685102
chr4	153821869	T	C	1.11073679713172	4.24146955774179
chr14	85607698	A	G	2.04550219295081	7.18732508633683
chr6	159324005	G	A	4.56187049682719	1.43116157209693
chr17	17606373	T	C	1.35689562964003	3.17113873105457
chr10	33803499	A	T	3.5713294898398	6.74258042291612
chr2	203752415	T	C	3.77943869691657	0.98899602418892
chr10	118489259	A	C	1.25695524820584	3.01508327456089
chr2	37713487	C	G	5.85510604922493	2.89564711591736
chr3	123065106	C	T	0.385593650529469	3.67491826365577
chr1	10388203	T	G	2.26528706821455	8.33820948181748
chr6	29170538	C	T	3.85569772490884	7.13090335655002
chr16	59168924	A	G	1.30957424188452	3.88213536120026
chr2	56020863	A	G	3.83690577839558	1.9595922290592
chr4	189181355	T	A	1.3176257351494	4.41688869744234
chr14	42491021	G	GT	3.45691963593094	6.76540978341998
chr4	76990233	T	C	3.11697657402163	2.21491468194979
chr11	134837076	C	T	0.830176329664828	3.0501966345427
chr20	2350867	T	C	2.56238633603961	3.3246947052413
chr11	15195239	T	C	0.933335411064545	3.72296179035135
chr6	94501810	G	T	2.16303680089618	4.85031476160392
chr4	133006308	C	A	1.7484839368199	3.25652216928593
chr6	68825832	T	C	7.08180412407418	4.77947118495965
chr21	31960711	G	A	8.0222752572518	0.989278493863803
chr10	110806491	G	A	7.25512754527786	2.36597957643473
chr2	46646189	G	A	2.01901094183591	4.28575249619602
chr12	49904151	C	A	2.99238559026209	6.26054060161387
chr15	45832134	C	T	24.2480274549276	7.74115725575195
chr2	150186594	C	T	4.15944636026562	1.04062568806162
chr5	42949888	G	T	1.09870343906137	4.64121492470965
chr6	160321207	A	G	3.41776213447618	1.10507205369126
chr2	108306505	A	G	1.98268987669097	3.2095787689714
chr7	539620	C	A	2.45942349472051	4.92547446683707
chr20	29297511	T	C	10.2583751598919	1.19510120523977
chr15	54136656	T	G	0.564466122462578	3.47919345097791
chr11	93287434	T	C	1.38174680954355	3.20849626931082
chr2	115092407	A	G	4.18388235647668	0.734431744134699
chr9	130644193	G	A	1.13821992500849	3.21434028530842
chr11	63803326	C	A	2.04673101822322	3.83086595128929
chr2	64709083	C	A	1.36623276319079	4.27827171974359
chr1	88802723	A	C	1.09568522748134	5.00509098564669
chr2	170553858	T	G	1.08072488387771	3.53028053587437
chr12	47124636	T	G	13.4970249426965	0.394350398323802
chr1	29865187	G	A	5.18915374514683	6.02362577701048
chr21	44569023	C	T	7.25855782531396	4.81294072740576
chr5	112400255	G	A	7.41420346856524	1.50922996027667
chr3	12784201	C	T	14.7223189401132	6.96262374466633
chr2	150692557	G	C	1.41678508658036	4.0818784232317
chr3	159814380	T	C	4.56223611079389	1.90356174862885
chr4	103663965	T	C	4.30351600225488	0.898136953863736
chr4	130400104	G	A	3.0854832929777	1.57514209074754
chr15	67902716	G	C	13.3828094249697	4.99242621370698
chr1	191871338	C	G	1.74114112394138	4.21920250077925
chr7	23829291	G	A	2.35570605559285	4.51129455505974
chr20	5950931	A	G	6.87262675099522	6.16484407711635
chr7	21631191	C	T	3.98672031104404	1.38847784316017
chr16	28846324	A	G	45.7134378231821	92.645562928692
chr3	131688651	C	T	8.65387342785093	1.66521877236415
chr7	155214483	G	A	5.46430089809259	1.38935705108657
chrX	136119119	C	T	3.37827408300501	2.01112075693324
chr6	38086646	C	T	0.74329891167361	6.1256040267191
chr20	1505991	T	C	2.62372907997412	3.02035950831973
chr2	37829260	A	G	5.03379261420167	10.614976115959
chr18	3038272	T	G	6.78640586559222	10.661950027043
chr7	12290487	T	A	7.28799282209405	2.87567132083756
chr7	83155781	T	C	2.03130995821774	3.24427841873944
chr7	112462527	T	C	0.487400334098147	3.52507514204057
chr7	107565442	T	C	2.21027116116952	3.00956521999329
chr12	100823708	C	T	3.51403124209325	2.37331027896178
chr14	103207358	G	C	6.4216094689315	14.5998016960596
chr1	161092474	T	C	1.3151715973256	3.28852889890226
chr1	17275309	C	T	3.38619542450288	1.02906861228995
chr2	11681884	G	A	1.97170012478137	3.08934402332745
chr11	111002853	C	T	2.12276330539828	3.47141865018589
chr5	23924942	T	G	2.97114754800721	3.48634163200595
chr1	9067399	T	A	17.5459893077341	5.08581394048734
chr16	68094201	A	G	1.8590043918124	3.30382083500811
chr2	22187514	C	T	82.6550841698079	130.851245081803
chr4	174999594	C	T	8.47050428264775	15.8578783876779
chr7	43416707	A	C	3.0506090061729	7.37500737279185
chr4	175271266	C	T	5.36684506078067	1.44449903158061
chr7	90439696	T	C	11.9443280092603	19.0111179859062
chr19	56252947	A	C	16.6136038784279	3.08823233677537
chr18	48328680	C	T	4.3891632284085	7.06522173453511
chr16	5217059	G	T	3.12582714304539	1.68185689493497
chr1	231388482	G	T	3.64698456598055	2.62429408390272
chr5	3604809	T	C	3.24281715210167	1.98397294763498
chr16	85939170	C	T	1.50418545820204	3.07512258631307
chr3	156560441	A	G	1.0920940920649	7.91534818557627
chr16	55943663	G	A	4.3420995323673	2.82846154525043
chr10	85888173	G	A	3.67199466058621	1.28313724884345
chr7	52372162	T	C	1.35956119312525	3.80002934537695
chr7	83709437	T	C	1.28269428629061	4.10190706950591
chr15	87144948	A	C	1.58558112032158	3.87209230937751
chr7	36135263	T	C	0.939899075130209	4.03898673198033
chr2	212452102	T	C	9.1341726847235	0.85583867871643
chr20	57205842	C	T	8.30730647699693	4.8636241637239
chr5	56508377	C	G	0.793288974930128	19.9748641896823
chr11	65791795	A	G	4.09596349858317	2.21838771069427
chr13	108924723	C	G	2.4022945886557	4.87792220012193
chr12	130145838	G	A	1.80999563601435	5.66427578163487
chr9	96000619	C	T	1.11337307713644	8.99720034404494
chr12	9355620	A	G	11.8027012603186	1.282873811085
chr14	33120404	T	C	6.25480747511824	2.48967455363915
chr9	69917151	C	T	4.67826925247195	14.1332961899883
chr20	39348383	C	T	2.44513708414612	6.19483275738013
chr11	134575124	G	A	1.58770881122428	3.11157599103995
chr12	77726183	T	C	3.19729830085237	1.90444973485059
chr17	80086829	T	A	3.21106371195572	3.54267477448853
chr6	150517456	A	G	3.19850409883764	5.82752236569279
chr4	110088210	G	T	0.461962255317094	5.9929843938969
chr19	40149971	A	G	0.785352873548894	3.38376517091648
chr3	162987210	T	C	1.88140551131721	3.33758798997368
chr11	35165859	T	A	5.31303197657401	1.24466311822623
chr14	88893852	A	G	0.976954965949249	3.06988932939792
chr1	63722480	T	C	1.95544384900182	5.16477105625258
chr18	49691751	A	G	1.06815082648732	3.38293028042988
chr2	217888913	C	T	2.96618535881787	5.86593445946981
chr18	71662320	C	T	2.08577371729452	3.64529136845522
chr2	84830430	A	T	7.44127117126125	3.74259450936147
chr22	24060686	A	G	3.80594455330305	6.11326338773802
chr1	238821977	C	T	2.38546946851698	7.17823613576239
chr19	54304112	G	A	2.09360612405801	3.68149120767959
chr11	101346633	T	G	4.79780561516943	8.26211749641626
chr17	77536127	T	C	2.73009676945703	4.85526045977735
chrX	117481457	G	A	4.11093464929038	1.76647471420186
chr3	101550446	A	G	1.90454677923181	4.87951571287316
chr10	2105676	G	A	8.92467233690791	5.53698673644929
chr2	160704092	G	A	0.960986930932627	8.64918835353812
chr10	64965728	G	A	1.19888740024572	3.6176194238286
chr1	199124748	T	C	4.18065391209233	0.884498549378563
chr12	128797243	C	T	19.0224755962924	0.954291100108009
chr2	106320903	C	T	9.72632449834699	2.19070097651764
chr3	85779138	T	C	0.995365748642034	5.63846870589932
chr8	96419104	C	T	2.15980193262096	6.44849631961235
chr1	168203386	A	G	8.57700228327746	2.81797489089539
chr5	77909476	C	A	1.33330073154545	3.11297718742692
chr8	86676101	C	T	4.23951058285454	1.24232618327084
chr4	97759961	C	T	5.98872615273273	3.15566278543931
chr3	30382760	T	G	2.30319622618572	5.87647471460713
chr21	32488868	G	A	0.941769179211009	3.38622885059585
chr17	41492692	C	T	2.75776146540817	5.32057231222305
chr4	18567606	G	T	3.65031167277173	2.3264594173393
chr12	102567076	T	C	9.72976912191029	17.2829139364327
chrX	143486366	A	G	3.19672685978043	6.74885270911015
chr11	116793250	G	A	4.36849761461651	1.08920292970266
chr7	112169979	A	T	10.9779639135989	1.13829664094107
chr15	80310981	G	A	88.748627119779	15.7145898260569
chr12	47124677	A	T	9.65576465969296	0.356453883751875
chr2	166999110	G	GATAA	2.13521552990405	5.23152220566428
chr7	116587257	A	T	4.33833507919902	10.8909380797882
chr9	99419091	A	G	4.05666363810539	1.61129635950303
chr6	3762110	C	T	3.83205817017313	6.78775726074719
chr7	84042519	G	C	16.6925820567388	9.57504646394971
chr6	163312454	C	A	0.897203473280312	10.4809933484503
chr4	25506269	C	G	1.67496057949198	3.63641567813642
chr8	117620173	A	G	1.58447990762306	3.30504438393053
chr8	141277291	C	T	1.16149828586435	3.21698789143536
chr10	81520223	C	T	4.85417986783751	1.47133053542748
chr1	171228775	A	C	4.13675459517062	9.90264146029824
chr3	178119823	T	C	6.91941455338731	1.33828222454346
chr4	80810886	G	A	3.06701865680522	0.572484851929891
chr13	108808079	C	A	19.882915110466	4.11847590044857
chr16	85364184	C	T	2.39393387594652	5.77542154546882
chr7	39423438	T	C	1.06820319047917	3.09544347497041
chr2	137701069	C	T	3.91726943724079	1.02092696309603
chr1	5602685	C	T	3.86899684572074	1.04823371965097
chr11	98895139	A	G	1.47705974107141	7.84468252376617
chr11	114429190	T	C	0.7043953040529	3.71730430715262
chr15	41943118	C	T	4.14883517429237	1.43430014548279
chr8	86176640	A	G	19.7160511075573	10.8189362036783
chr11	126445781	A	G	3.09119338770916	0.450688036495017
chr5	9438240	C	T	3.10834751972495	0.460506680585541
chr19	43827546	T	C	3.97577906789709	8.02973599166455
chr19	49808791	G	A	2.80522787840598	8.90670258885531
chr7	48053004	C	T	20.4777781459185	14.1039261844616
chr2	6186928	G	C	3.19975119945346	9.13669786961104
chr3	15983416	G	A	19.874423344633	14.2056945900219
chr6	98538935	A	G	4.23731573534553	3.42623094776896
chr4	131639424	T	G	3.66175359115668	1.00055596651745
chr1	34288743	T	C	3.32768543252684	12.4721330325495
chr2	37900008	G	A	2.71619685777831	8.4424984881003
chr1	163759084	A	G	1.40106385364838	3.17602951725723
chr13	23807978	T	C	8.39365514866352	3.17279855405819
chr3	84466245	T	A	6.35304841598857	0.583755660018548
chr3	179676335	T	G	5.04940430098444	6.20388968280051
chr22	31174379	AT	A	2.28212312938657	4.8343895749069
chr1	74732597	CGGGGGG	C	6.48506470514104	16.8885971707773
chr7	154680139	G	A	3.90981266304464	1.00980850062724
chr17	63817379	A	T	2.18782245646679	3.7119306883583
chrX	121353784	C	G	3.9073682845447	3.70575742052845
chr12	263216	A	C	3.13595531626888	2.87743308871651
chr11	131354553	T	C	2.10720414673212	4.1652279068913
chr18	49887607	C	A	4.61557612728014	2.66422209138267
chr5	158120069	T	C	2.56202626369095	12.2016017855979
chr4	1512403	G	GA	3.80423246957397	9.63532225056982
chr13	55308471	T	G	2.25328245626197	3.49374089268859
chrX	118804965	G	A	12.8274514990522	7.49357149888303
chr16	4060192	C	T	3.33928930272212	1.68327285461612
chr15	46259355	CT	C	1.96050681091077	3.51680178522536
chr5	52809732	C	T	4.8070717347132	5.83980044821109
chr3	10034216	TG	T	3.21363109372264	8.15068597586865
chr2	124309421	T	C	1.05024406960499	4.78300279944624
chr12	110852917	A	G	1.44926393309886	4.08049067572516
chr7	70835964	C	T	4.26148775753712	2.27667208563031
chr6	30263810	A	G	6.23586134860719	1.04199442534091
chr10	13924936	C	A	6.94086660711014	5.22498643800295
chr8	124426164	A	G	2.32605690746719	4.85154906700573
chr9	92293298	CAATAA	C	7.51422820041544	8.07504647401043
chr21	36702942	G	A	0.883441826387125	4.08483819670063
chr6	24803559	C	T	0.94262619859734	5.5979013627715
chr18	2635683	G	A	0.932349478496666	3.1803485031578
chr18	2570847	G	C	3.04134880359709	2.37079041172944
chr5	40642583	G	T	1.84677039839264	5.5673857180546
chr8	128402007	C	T	0.868651324046423	3.17164382689897
chr20	42427923	C	A	1.51479835935439	3.41472880191057
chr1	239534208	A	G	1.56376790556417	3.88265868331216
chr3	115693716	G	A	4.15732114000803	1.39799135541883
chr5	97268601	A	G	3.14129811749894	1.82950547704027
chr3	101550453	C	G	2.10354567333639	5.27778308057524
chr3	83812149	G	A	0.711532785122736	9.13940993353967
chr3	110622039	T	A	3.62784784887255	0.727569466257203
chr1	175158480	C	T	2.12987126567684	3.16987103665069
chr5	40016373	A	G	3.11987519976545	1.08669505119564
chr6	168999720	T	C	2.27728716230041	3.74597342755519
chr14	50697956	G	A	4.19383252218924	5.53949101046146
chr12	1865560	T	C	7.54189663644891	17.8907349740902
chr15	27375691	A	G	7.18927431328252	1.59189106939003
chrX	3944604	A	G	6.47123937510247	1.56746847966427
chr21	31335866	A	T	1.54782146211027	3.95934627991548
chr1	180966926	T	C	3.27741764654215	1.53164051879239
chr3	117085169	G	A	3.91323884035251	1.05057783013029
chr4	17694032	T	C	2.30740115495203	5.79973744990939
chr2	167783723	A	C	1.29448094083064	5.00045863566475
chr18	1115773	T	C	3.44078834655747	1.86913160709123
chr6	135146383	T	A	10.1340524453936	2.56921484362137
chr18	26441564	C	G	3.2696335202814	1.02784170072084
chr7	1176802	A	G	5.99342754790622	2.96174202147799
chr15	76089342	G	A	4.42647316245466	1.24987113418947
chr9	11005369	G	C	1.30203206417617	8.16762964536064
chr15	27827082	A	G	3.37900695246052	5.33352150220405
chr19	22833208	C	A	1.42851016631884	4.25257495502365
chr17	68965874	C	T	4.6411010455668	1.65776525351003
chr20	10357371	C	G	11.3490166258737	0.451719787228376
chr9	69371100	C	G	3.02441619738625	2.48302855126371
chr14	52381916	C	T	3.73355871487163	1.11042680630579
chrX	133500498	G	A	5.33139339461435	1.42878081786314
chrX	120672111	T	C	6.73976256810835	1.54237489681823
chr5	136602669	G	A	3.75311918895344	1.40729059488694
chrX	9658268	T	C	8.15885073210103	1.79493412747676
chr1	166555227	G	A	5.56183290828804	1.5091371732169
chr12	9355482	G	A	3.85583994274259	28.4848821185609
chr19	34974993	G	A	4.03559207714329	0.382466744899478
chrX	3637261	A	G	0.563587901131463	3.27894262336103
chr1	236118744	T	C	1.06457638972724	3.70541439154429
chr3	31314928	G	A	27.549973831643	5.85827453960978
chr16	81730802	G	A	3.15908627284642	5.42899083008714
chr5	25596633	G	A	6.00370900514464	0.723229555450012
chrX	47282429	AT	A	1.15556988711683	3.48036998852105
chrX	30283873	G	A	5.00904191973374	12.4789968229995
chr3	196956340	C	T	1.60162895052359	4.04242389551657
chr6	100720563	G	A	1.39219555707297	3.23014923436634
chr17	29710085	G	A	3.63331929223783	0.748600066472548
chr16	83365467	G	C	7.46725082145129	3.29253890228951
chr3	102964037	T	C	0.731797056431993	4.30345716670532
chr2	178864414	C	T	10.0589900045982	1.81210376468079
chr13	23066036	G	GT	0.797459852706227	3.28438298061806
chr7	90778594	G	T	1.27791596991529	4.93156298666413
chr4	38400562	G	A	2.44681042593129	4.62713968489043
chr4	24643145	T	C	5.33423480094091	1.35955715442866
chr6	160780751	A	G	4.39589655787102	1.14505881547004
chr5	38846452	A	C	7.8097979042427	12.5396907899585
chr3	112791263	A	G	5.60255385221598	1.77632715222532
chr8	111374984	T	C	1.9202642113009	3.91442523355949
chr22	23429958	T	C	1.60420975245799	4.33983766069629
chr7	78047138	G	T	1.23346926876569	3.8179369992672
chr1	102233909	T	A	4.80346592793183	6.24427917113743
chr14	102935516	A	G	0.932836656711409	3.18258311724062
chr21	26194483	T	A	3.72274153984595	1.61994838701984
chr5	169977084	C	T	6.01017454698029	4.35905892143676
chr7	54831612	A	T	3.32940945352925	4.38477924478836
chr17	62838599	A	G	1.04473064457055	3.13450984854139
chr5	87119702	A	G	13.0898820263638	13.3071199249561
chr1	15983614	A	G	1.23309782362731	3.27724408609539
chr10	91185432	A	G	8.25279138731683	13.2589527978133
chr11	122043217	G	T	1.5074189410166	5.12010828050332
chr2	200218875	T	C	2.65499133538591	4.59660275722749
chr16	12614087	C	T	4.83721168003635	14.7603397591725
chr2	155981422	T	C	1.75826577151544	16.3320595095723
chr6	160780619	G	A	6.26488529922627	1.36194950165345
chr8	13320943	C	G	3.93705126273003	1.49734453593074
chrX	40133383	T	G	1.51865459933967	3.11055273397535
chr3	131904175	A	C	16.6737648031542	1.91448793950607
chr12	101230853	A	G	7.91655867641839	24.3974525740348
chr3	1477115	G	A	4.20321006404758	0.226774123851749
chr4	107335052	C	T	1.45426456248762	3.48867643911645
chr15	91330495	G	C	2.65367570294745	3.48948065112571
chr13	27670818	A	C	1.07264721107077	3.94974764870631
chr1	37250436	C	T	5.69363977074167	2.08054534497378
chr9	80516592	T	G	1.60227651187591	3.48484399721575
chr4	114536397	G	GT	1.52372247248239	3.95510253874598
chr6	47781009	T	C	7.57357550654765	12.3982612945766
chr2	12456426	C	T	11.1287225749897	2.19902121604291
chr16	12544731	C	T	1.37128893238081	3.53875896658431
chr4	188573685	A	G	9.51120699160146	18.4966706577291
chr2	78618657	G	A	0.823891948517777	3.65332673866444
chr13	99737619	T	C	10.1382150317089	5.70098566466789
chr16	49766354	G	A	2.46350067121041	3.66007876776637
chr2	170817251	A	C	4.00716027108251	10.0366926701521
chr7	127651967	G	A	26.9640180570651	15.2649567109353
chr9	17512927	C	G	1.56429156673082	3.82749531971974
chr6	154493758	A	G	1.96386687657818	4.43028293488866
chr3	67348472	G	GT	3.69564217662291	5.58615579815099
chr18	28176723	A	G	0.0	4.32750072254032
chr20	39413609	C	T	6.11561423309365	0.676292974199458
chr8	37937915	T	C	4.61689907102658	1.39373595526715
chr13	111082919	G	C	7.3543903176352	33.2299315500242
chr1	31442830	A	G	1.35929090033509	3.88344516931329
chr12	55124948	A	G	5.57336097259851	16.1983292722867
chr19	29260700	G	A	1.47849251448228	5.10667415165582
chr17	32586771	C	T	1.8756590830573	4.24381845179164
chr2	124755635	T	C	0.864154033655028	5.18986704967448
chr16	12117568	C	G	3.11866848265081	2.32496312559556
chr3	60768643	C	T	1.34475025294118	4.53297380433399
chr1	81706965	C	G	3.86328139650776	7.1495273849285
chr14	65740562	T	C	2.85571257065759	3.98064534587916
chr8	133906844	G	T	3.37672661094391	4.85459634328762
chr5	109222546	A	G	5.30507672765465	9.88383794298622
chr20	55196666	C	T	5.30149167043642	0.700269780194722
chr11	62432294	G	C	1.91792592771966	3.04913527583875
chr11	36392784	T	C	0.848388934647383	6.06502577579893
chr7	152862010	C	T	2.31165599447364	3.67033102237347
chr14	81446209	G	A	2.56903338558339	5.10276534911913
chr8	140932930	T	G	0.768532159847604	3.02142689901536
chr5	108590646	A	AC	0.512735128978463	6.57538588523586
chr7	23967118	T	C	3.66799560633554	0.768137281274766
chr13	76224149	C	T	1.90608480194465	8.42658237083943
chr4	77343123	G	C	6.97453359391437	3.3114914454538
chr18	23587230	G	A	8.50222958337622	3.43494393276996
chr2	133841811	T	C	11.7258228438256	6.50165599947447
chr19	51751943	A	G	5.71113781175455	9.46645211253338
chrX	123088570	C	A	3.8336091403018	1.24211658491398
chr19	21735419	C	A	3.22113487331629	1.8240736726805
chr20	58603860	A	G	1.61155605963064	10.500653619622
chr11	121265749	C	T	3.30548957785408	1.63705823146462
chr2	216292719	G	A	3.39559799378388	1.18575977198244
chr9	110830227	C	T	2.35251315120905	6.4113200370281
chr4	130045465	T	C	1.35234118416408	5.18348164618567
chr2	143802452	G	A	5.20800113882798	2.64251740492866
chr14	93070455	T	C	1.30834750015096	3.67240384694644
chr6	154679951	CA	C	0.929881655825147	3.52469953771887
chr20	57957474	C	T	2.48071100944117	4.38516065862202
chr10	129626705	A	G	1.15223551712092	4.31199492458384
chr1	12550423	A	G	4.66211610181419	1.56162491691216
chr2	234635793	A	G	1.53902474621853	6.11743403200085
chr14	61389417	A	G	2.65306650804029	3.51528577756382
chr20	52675421	G	T	0.827431532145967	3.17812222496881
chr11	25905709	A	G	1.65456841484685	4.14401177912726
chr8	60341942	G	A	5.19342962068605	2.21908206817781
chr12	19579982	C	T	4.07920671276106	0.655589072737067
chr6	27359570	C	G	3.50375964380952	6.50210794712573
chr14	72510718	T	C	1.19041637785577	4.50756975697981
chr2	147502195	T	C	4.13285868932755	13.3823714092285
chr5	133523096	A	G	1.63076363149875	5.27440366539349
chr10	44015012	A	G	2.26148525732637	4.43075615889287
chr7	57346845	C	G	0.984553061441212	4.97843771748811
chr21	39118292	A	G	1.03548189875297	3.13570423669487
chr18	35142904	A	G	4.01860370117321	2.20227004891323
chr8	125040246	T	C	6.07918852718037	0.936280327224272
chr18	67585052	G	C	1.47108202671258	3.54114116045846
chr22	48665551	G	T	2.50939950015815	8.65243243294892
chr1	220748471	C	G	2.86419087763649	9.19746548271161
chr3	121918698	T	C	2.56411277358261	3.33548900745602
chr8	20510920	A	G	2.33523133331293	6.17314385968442
chr5	59065504	A	G	1.77707101905454	3.21823088920445
chr7	134307563	C	A	7.16750905797292	1.67588029454102
chr22	28504985	G	T	3.57620828481656	2.18685730809995
chr7	137142578	A	G	7.23577281000078	1.1786697871503
chr19	56927969	C	T	7.4896874787734	2.63873239145226
chr9	86476814	A	G	6.30751664045128	4.9745453239123
chr2	221416555	T	C	1.8801239067352	3.00366573394317
chr3	129489635	C	T	1.76410959403683	4.05207527573961
chr5	142429426	C	G	1.93773561084032	4.42661303660725
chr5	17030195	T	G	1.23078539743875	3.80424850125926
chr11	47719110	G	A	0.912860474852986	3.31463926566241
chr8	1389683	C	A	2.64878236230977	3.03334092761336
chr8	25560271	G	A	0.54041364786937	4.3895239200149
chr4	137029317	C	T	4.39249577330105	1.57294041357011
chr5	71757883	A	G	1.45867593486962	12.3817929824545
chr14	69465026	T	C	19.3433019142083	34.0835301883088
chr3	111859147	G	T	3.57266036073434	1.52847941064749
chr6	137765002	C	G	19.2272085006708	5.72886331052508
chr16	23269875	C	T	2.28991993493712	3.72457853201626
chr18	63975363	G	A	1.07406302797379	3.28259327823328
chr1	193569558	A	G	2.63043769258299	3.46420159403361
chr11	4453324	G	A	9.08358558040893	3.02533681995983
chrX	90045178	C	T	3.07768190477219	1.16696823338575
chr7	109246834	G	A	3.61288429171502	15.1965277502779
chr7	89996089	G	A	4.84358446760159	1.77391004492333
chr2	55885754	G	A	3.51318117359696	4.29880706974278
chr2	190534430	G	A	8.95055852304088	4.36417426675771
chr6	61722740	C	T	2.28263493840918	4.36943223988881
chr4	28351798	T	C	7.3590513496142	3.46631510709678
chr4	57256071	A	T	2.95160975407491	11.2891804783895
chr1	209649116	G	A	1.95767757680179	3.77068223350711
chr1	3767543	T	A	1.42530612431868	4.48065110730754
chr4	125200750	A	T	4.22741388640546	0.666346995268898
chr16	77991751	T	C	10.4528193659647	12.532815041433
chr4	43072225	T	C	1.55753748910037	3.76263535920294
chr10	64844869	C	G	1.9996219911616	3.1513569320389
chr1	13981951	A	G	0.677619098445074	6.31940764160738
chr6	150560082	C	T	11.5834951773719	3.72674954916578
chr5	128723926	C	T	10.0648601395291	2.08631201095003
chr4	159175386	C	G	4.17755118250615	1.61745236337007
chr17	82935712	C	T	2.41023733172374	3.94847779528384
chr5	78928298	G	A	1.62583571125425	3.00863333768447
chr13	103332627	T	A	7.3976726454707	2.50329085787536
chr15	79919938	C	G	2.62637478457515	4.91572633275778
chr7	1570965	C	G	1.33758404133131	4.26567357414255
chr13	63435401	T	C	1.94982814742399	6.89009820296549
chr8	93886466	G	A	1.05058713940706	3.32786465987329
chr15	27827011	T	C	3.2603014349873	4.9315237245437
chr4	749731	T	C	0.878351875011263	3.11838626907475
chr15	101626654	A	C	1.41280477447787	3.42377723300406
chr14	86852795	T	A	12.2043942469601	2.42180976732221
chrX	23115909	T	A	0.526400464077362	3.07021207522744
chr12	43284951	C	A	1.76994303349045	3.24168279348567
chr6	78747014	G	A	0.975698161019483	3.93511300616534
chr8	2917026	T	A	3.51550861402439	1.88924555257084
chr18	45959040	C	G	3.13121133529343	4.12774296508818
chr5	161490947	A	G	0.482486683821877	3.46938354685444
chr2	114685517	T	C	1.44452319611968	5.03991808850031
chr13	31642448	T	C	6.62631375387764	0.981977333257255
chr21	42374076	C	T	0.841551255014642	19.8433548266255
chr4	32521428	C	T	1.70402362859189	3.42004593086938
chr16	64421745	C	T	0.631179324077727	3.90255974717378
chr6	77046119	G	A	3.2934168451798	0.695870627786447
chr10	89865786	A	G	1.83285258430976	3.12647942403164
chr8	94619666	T	C	9.64928334502916	18.0449379836132
chr14	95616962	G	T	5.92601915781104	0.845446888245607
chr8	16826281	C	T	10.2933822280415	6.73999114493888
chr10	69426591	G	A	1.47239520710895	3.85925067894131
chr6	87431439	G	A	5.50986234410378	1.01205882460987
chr21	36218718	G	A	1.10238447512088	3.37413472186006
chr20	42029599	C	G	2.53193510792801	6.26334196150897
chr5	31564050	T	C	6.34310789732369	2.93742700798749
chr6	85670820	C	CTCTT	1.45800343669081	3.83022839990179
chr2	177973527	T	C	12.2559981008762	13.7451472968768
chr5	76426368	G	A	0.747177614982293	3.40915910250144
chr20	16929004	G	A	9.41389491700822	0.634142724485862
chr10	11069033	A	G	1.08210677092396	5.22690811895748
chr2	190829828	A	G	4.19298317923848	0.966278173839577
chr6	170145230	G	A	4.50533352626656	8.44665997295858
chr8	107385743	T	C	1.62949911319842	3.57904834966705
chr17	42248693	T	A	6.70075482321953	5.61276938963008
chr4	184923597	G	A	3.95339166587944	1.87551665062702
chr16	54657627	A	G	27.1330073131162	12.2303376985171
chr9	111867776	A	T	2.4416689717361	4.06362737701121
chr9	69421183	C	T	4.34201596506391	0.829266099567453
chr13	44312681	A	G	10.6343132562385	6.99172825788042
chr9	135124852	T	G	3.58370229128876	1.33520986701074
chr1	216835507	G	A	9.0090175942852	5.32953128576558
chr19	7738210	C	T	6.25220736071441	1.72941478852951
chr1	93981033	C	A	3.70608342455068	0.720449812948274
chr3	15983591	T	A	11.8795455960267	5.18114246418895
chr2	67687321	C	T	6.24495369290387	0.778034055473653
chr14	85701267	C	T	2.41122846835096	4.43295995124353
chr4	8070830	G	T	2.21676086077021	3.80980761562943
chr6	144968285	A	G	2.05709818286352	4.10909022673713
chr14	53943881	T	C	4.332454627398	0.652765969015298
chr7	71080266	T	C	1.02176320711387	3.68495430868725
chr13	92294659	C	T	1.42388796494005	5.21913513823047
chr5	30914570	G	A	1.18744804926274	3.6735946612974
chr5	2431357	A	AT	1.01766034022572	4.81190246614002
chr17	72985108	A	G	6.44211197173634	3.95836882526801
chr17	81361778	T	C	0.993877305651473	3.6266726555554
chr11	36557740	T	C	5.53062520570301	2.5054946729083
chr4	136327984	C	T	4.61236520054306	1.34673441608483
chr20	63795858	G	C	1.2605521498172	3.05330386020887
chr5	172172929	G	A	1.0302994206576	5.54349383261084
chr8	120007343	C	G	1.33654687307786	3.01668185038742
chr17	83084062	A	G	1.98562344647641	6.6164388967373
chr10	82288780	C	T	12.468616963266	1.42496061605714
chr17	6996310	C	T	3.80174982671863	1.64246996739596
chr11	11683314	T	A	12.2716330631701	1.68516543871103
chr6	148317864	C	T	0.958559522666423	5.33071189155963
chr4	123540164	A	T	3.09275312406715	2.48188271044331
chr4	187996174	GT	G	1.72643376375216	3.1717145038562
chr3	31275475	C	T	15.6805664544665	3.93096232522048
chr1	177926628	A	T	7.45300879095241	1.95465494197172
chr1	202664114	C	T	2.43231152205111	5.56808407236887
chr11	84019527	A	C	9.33418702319771	5.12889833295217
chr1	189409646	C	T	0.406484980600859	11.7901320513099
chr6	99344376	G	C	3.04493193446371	1.23735179093972
chrX	80216931	A	G	2.47310614828274	4.49005402809129
chr20	22046594	G	T	4.85127750855425	1.59009591596395
chrX	121262519	C	T	0.945432803285237	3.36795161703144
chr3	179676557	C	A	2.18526435755491	4.20554256660637
chr1	60796258	C	T	3.7536448744425	1.14022627873748
chr6	32826204	A	C	0.686183936452921	3.40020882185895
chr5	165760673	C	T	4.69755023745937	2.52545088456831
chr9	89682590	C	T	3.07614556740525	4.10526664627636
chr6	30263825	G	C	6.05836737672648	1.14940969568858
chr2	83277844	A	G	4.94801298688594	1.54133205956603
chr13	108898213	A	G	4.29243971559772	7.53276237729711
chr12	104589014	A	G	1.32333372602283	3.20013031491488
chr11	88611088	C	T	2.04190964815196	3.39046881937293
chr12	52350142	G	T	0.227445702839961	3.23537920061886
chr1	119051295	A	G	1.11465679036119	3.25657206864393
chr11	86623515	C	CCCT	1.75902221729252	5.22403387024367
chr7	159109734	T	C	1.01484067846993	3.87181442228816
chr9	113620408	C	T	4.84973871816607	7.98718548907993
chr9	103483837	G	C	4.38030260011263	6.9289688299041
chr4	160955176	A	C	0.421664205182467	3.2990434750886
chr5	154252936	T	C	0.905633713502796	6.86913271506158
chr11	4492527	G	T	3.10060127762499	2.01780286376385
chr18	25856723	G	A	0.803066627501046	3.21726374069623
chr2	171415283	G	A	3.86784219120537	3.0077217610343
chr12	126304559	A	C	5.4903247473985	12.8575986047529
chr1	165647351	T	C	0.456546695171168	5.03133264517187
chr8	118202135	A	G	4.69293291447392	1.82790989482984
chr18	5349129	G	T	3.21776349445737	2.02380156347796
chr7	31970185	T	C	1.60560571897942	6.06823737599698
chr4	152090878	T	C	2.42924980086755	6.81079226469212
chr12	118585064	C	G	2.00592239934979	3.9627672972162
chr18	40216232	GT	G	6.64772920180467	10.1922137017334
chr19	7207785	C	A	4.02069688282138	0.771214897912333
chr21	25831762	C	G	1.41489197883091	3.19261961155355
chr1	237776330	G	A	2.4128453281095	4.33130834601355
chr19	34067605	G	C	4.51000547078023	5.02830122955866
chr11	69174402	G	T	3.17876086185426	1.37647982083082
chr2	136717411	A	G	0.695213801439064	3.08267986540713
chr3	165414062	C	T	0.652806181825217	3.02898328739431
chr15	31471659	T	C	1.61543870851724	3.01383264910307
chr10	10162328	T	C	9.43337068061201	16.1358696457776
chr8	26006991	T	C	6.80113981489406	9.5656443676807
chr5	19019994	G	A	4.05925816821018	0.669701236139886
chr2	189654833	C	T	1.30368138278469	4.68576678704053
chr10	24299912	C	G	2.43923274792789	4.75525103914513
chr18	36187786	G	A	1.4194074097479	4.44578863331222
chr15	66948359	T	C	1.36462535054114	3.40125996394914
chr13	30338613	G	A	3.12774349905325	3.34776575930624
chr11	6718619	G	A	3.43864148625177	6.37382584487715
chr16	86143234	T	C	1.93388426135676	3.41321640379554
chr4	132594014	A	T	3.27054086395006	5.90320630128626
chr1	61618831	T	G	4.36546585897513	2.28491450691397
chr15	100861824	C	T	15.0155381601572	3.86471373517611
chr5	39849398	T	C	4.18788074612142	22.0968187925213
chr4	182326152	T	A	1.5469484511474	3.35673666730233
chr10	45438989	G	A	2.20006379896856	3.78899380260764
chr1	166490709	G	A	2.56692961852889	4.71614964978262
chr16	82945503	G	A	2.5766125224911	6.0438431579559
chr7	99540251	C	A	1.07374881294387	6.1901477791957
chr3	153399307	A	T	1.17805177703184	7.60362775747105
chr7	136953534	A	C	5.15508465748259	10.4428662826579
chr13	24254541	G	A	9.93204798672967	2.81132083698663
chr10	108776294	T	C	1.48453394198694	5.1059688532955
chr10	99506760	C	T	6.02853205428635	0.888906896131742
chr7	68061087	C	T	6.24676680413487	2.91402246674765
chr12	9647993	G	T	21.6982899882499	6.04458409820364
chr8	67554960	T	C	3.97692798445478	1.75234361943483
chr19	19277254	G	A	2.55071417431664	4.76472130254685
chr20	57991423	A	T	5.95237609376009	2.54522252649237
chr17	43834450	T	C	1.48303799122437	3.31566790297954
chr2	219685754	C	CT	2.42802799617882	4.15368950877062
chr10	131580769	G	A	5.90763093044497	1.19697198930027
chr10	3035554	G	C	19.6447794542693	34.4876828785934
chr4	114452556	C	T	2.67906348107758	6.05187131438171
chr3	151286092	T	G	1.503958464042	3.57132208496829
chr5	155024053	T	C	4.6131086143018	3.41831642938043
chr19	16283955	C	G	1.91433665602062	3.57568289655655
chr18	2302771	C	T	9.80984327073598	15.6603339943421
chr5	161666838	C	T	0.460670472066561	3.28080619399826
chr21	17217648	G	A	0.973055655122483	5.32395822628445
chr2	182368583	T	C	2.09846009931073	5.95509095246218
chr3	58384170	G	A	8.6843467590869	25.6329051108708
chr8	126501105	T	C	9.29867159827449	0.850030407841893
chr19	15836252	C	T	1.76466755299695	5.29130407226262
chr5	72051843	C	A	1.65539953870953	4.06953434114403
chr10	4866645	G	T	3.55337677886535	6.21107930780655
chr14	62445887	A	G	3.33726806344421	8.98581143669382
chr21	18812479	G	A	1.00201558433102	3.05303767342537
chr6	166259084	C	T	9.10970042472383	16.7132058145474
chr7	104069789	T	C	6.89671181468738	30.9504160804157
chr9	6716244	C	G	4.22118382793198	6.67585927333838
chr12	104293913	T	C	2.03268903334753	5.84928239057919
chr2	236890392	C	G	2.22562460141398	4.64557229135622
chr2	78718223	T	C	2.23380405221477	4.2570314493701
chr1	232575107	T	G	2.44300413314502	4.69489627730688
chr5	41705760	T	C	0.991527009837076	7.33004940989926
chr9	69916914	C	A	2.27303657579235	5.9259471226297
chrX	84248796	A	G	5.08952143466393	2.76978670948201
chr4	37039657	A	G	0.726941675589714	3.45535159286412
chr7	103660749	G	C	14.0930022344207	1.37063242026247
chr13	108985484	A	G	4.73492612605031	2.74551126988406
chr5	83896120	C	T	1.5300224241499	5.68440830900557
chr9	91179983	A	C	11.9789181488221	3.81703263903144
chr7	22931494	A	G	4.30846690585226	5.90119827350525
chrX	122866198	T	C	5.63104273540379	2.44587008707052
chr18	39485901	C	G	3.55976151469207	1.17435029126292
chr15	32852001	G	A	11.368007081221	7.0965492977868
chr4	177499665	G	A	4.13501569032482	5.30000331265415
chr2	156341419	G	A	3.22604366118548	5.37670065993497
chr8	28203173	A	G	5.86665817958751	1.73055811898773
chr12	32278729	G	A	8.54468951481588	2.05691976349402
chr20	51655623	G	A	2.09769138534278	4.20903774330837
chr5	83895660	G	A	0.861990981229046	3.35990663016755
chr1	61624200	ATTTCT	A	1.01578939371925	5.46638870383538
chr2	230216690	T	C	1.86465903175809	8.31705557507692
chr2	118013446	G	A	1.13029829372667	3.03866620542516
chr3	128142215	G	A	4.71436232853559	9.78874396791122
chr1	69694495	T	C	1.64679271662915	3.30808034339567
chr5	173889221	A	C	1.74035580363437	5.20769599340781
chr3	21920101	T	C	1.09033588061905	3.37973716757162
chr2	48711654	T	C	1.52691499417727	3.32078769297818
chr4	156695340	G	A	5.77577460456378	8.66920319884802
chr21	33982501	C	T	3.40321427365785	2.85463609861322
chr8	133262775	G	A	1.86446522982305	8.64295069082596
chr12	6336163	G	C	15.7333423334844	8.53023393192539
chr1	31217692	T	C	0.842964808798717	3.44461229501913
chr12	12922481	G	T	1.8888732318112	3.88957722194584
chr4	180521290	A	C	3.38382172224116	8.75954515359615
chr12	105369263	A	G	1.17368258474878	3.30943223815131
chr12	90592554	C	T	4.38210016175601	1.27972335932023
chrX	56875213	A	C	1.23967689097049	3.33114620240155
chr12	116528704	A	G	4.97204610876301	10.1218778958826
chr10	129626732	A	T	1.01077607151358	3.50267732395329
chr2	75541231	C	G	4.93509466834391	0.75839099433896
chr5	56764899	C	CA	0.990698493702333	3.30918884517514
chr11	10638520	T	G	1.66840577466128	3.1432032178025
chr4	68581874	T	C	26.5851635592637	6.83534484112556
chr2	31050323	C	T	4.4695509863312	2.81632873780108
chr21	23021705	G	A	17.0322817621186	14.1185057893467
chr21	44558704	A	G	1.52974500558975	3.01571685410644
chr9	74943000	A	C	7.97118348948431	13.8485801023261
chr4	112991236	C	CAAA	5.20702513988128	1.9762911597466
chr2	31098458	A	G	5.00443878615039	8.19859074972784
chr7	64878434	G	A	1.68846631417712	4.17515271742963
chr1	64288984	G	A	4.30048969725786	1.29790803645242
chr11	92123449	A	G	6.62726978367589	11.235075759172
chr4	37695160	G	A	20.7445489540936	14.197169831492
chr5	154390436	A	G	1.77747421850814	3.15368535240937
chr8	91558694	C	G	3.34959075677048	6.22351560472441
chr16	12611278	C	A	1.41782610077145	3.00891984139932
chr1	238816927	T	A	0.839628100418234	3.41945095358562
chrX	5801114	C	T	40.5904303797651	2.05282112179687
chr1	79787589	T	C	1.78497829988401	8.180930104755
chr9	91246089	CT	C	6.19949423646487	1.88362345153654
chr9	91721516	C	T	4.11932018284862	8.53820114584217
chr12	21501710	C	A	16.7865510502379	29.6067988004503
chrX	152995621	C	T	0.849825226310021	3.29913829877923
chr14	68015595	T	C	0.791800682712896	5.0597941682249
chr16	81793248	G	C	1.68484543195749	3.82915474060585
chrX	69000472	G	C	2.60157457663158	6.76713615881341
chr3	7923145	CCTCA	C	3.0949838974802	2.04284251104473
chr7	153225163	A	G	5.39577606490673	5.93191514494557
chr9	19752294	C	T	1.44372767557717	3.831753423226
chr3	3121709	A	C	1.29334659022625	3.37540074617666
chr18	77895593	G	A	1.06697792276922	5.93187144075859
chr3	60384989	T	C	0.923131241556378	3.57065663474708
chr10	90051641	G	A	2.90453445692176	3.7230056397189
chr5	95935469	A	T	0.452111569099425	6.47603513320621
chr20	17064830	G	A	5.09777672896615	0.948153216686983
chr11	86781524	G	C	5.30310948216313	1.21521445626025
chr3	48144777	C	T	3.19463549043446	1.16576534789178
chr19	56936179	T	C	6.93317749991293	4.02099824358331
chr11	4818745	C	T	0.48139023022834	5.95552441640926
chr6	13542879	C	G	1.92083057789478	4.72984158742742
chr7	52398892	G	A	1.82854236483955	3.34681495010701
chr3	192893244	G	C	8.16060961181539	2.2915612492662
chr14	58878848	A	C	2.0670595630111	4.83515731097957
chr6	149981212	T	A	3.32813918734764	6.30430936819514
chr3	139560009	G	A	3.10281830296415	4.85936692318666
chr4	176028696	C	T	4.13071694522827	1.1099219697395
chr4	106033135	T	C	5.18756831557563	3.52360330848393
chr17	7656976	C	T	1.23623666847589	3.1090138138648
chr1	153041266	G	T	2.74388714500243	3.60169140646277
chr1	192027674	G	A	3.34229528434569	1.58936784787518
chr2	233786081	G	A	4.97272859795071	1.28205118833944
chr19	35367793	G	T	0.925606462525365	3.67362102560596
chr3	23162000	C	T	1.08419628868856	3.15811139424966
chr19	58060989	G	C	3.76268136612261	8.47166229886943
chr5	63743563	A	G	3.56906922938635	0.684408579303239
chr10	88024056	G	A	2.15983414405261	3.87634999042142
chr5	166014456	C	A	4.16179114067103	0.90597804419354
chr6	37576644	C	T	12.1466812443412	1.39771846312671
chrX	92208566	G	A	0.393240943921559	6.55319714429177
chr14	38103975	C	T	1.72478552542917	4.86452442150532
chr7	115225893	C	G	0.77649402577828	4.31855376732126
chr8	57848178	A	AG	1.86416398584292	3.16894136900317
chr18	60466880	A	G	5.56739029189905	8.62368133681224
chr22	33130246	A	G	2.27913310100577	4.80475917843651
chr8	27168801	C	T	13.1307128208618	3.15604795565622
chr21	20435828	G	C	1.29808879466806	3.12626505487875
chr4	23325037	C	A	3.05018774014826	1.50174962319123
chr9	90594483	G	A	2.93150168155601	3.79936489265136
chr7	77409628	C	T	1.15774089395545	8.48096933868956
chr22	24978395	A	G	1.7601751088689	3.41870687727795
chr5	8517195	A	G	1.71813355609018	3.63803292338013
chr9	109793786	G	T	3.56916796248939	2.22124068213018
chrX	143625784	A	G	0.325878180630456	3.12972282245967
chr1	115878225	G	A	3.29264735812845	1.20128051227881
chr10	65826475	A	C	0.610920895249025	4.52286665804577
chr8	83354837	A	G	0.920298512621958	3.01329308551631
chr12	32278701	A	G	5.20269683594325	1.99936004376338
chr11	59200224	T	C	3.16146527581442	4.07774606563032
chr11	3886063	G	A	1.74173163482091	3.95225686769695
chr14	59678015	C	A	1.62051084228847	5.51862478595425
chr4	130202502	C	T	3.19642373574472	0.670590611602319
chr6	153757467	T	C	1.14408760345623	3.36066288040815
chr2	116261138	G	A	4.50318515065055	1.07230225636187
chr1	42994890	A	G	6.55979661225796	2.83741607134515
chr19	7428117	G	A	4.2837236891923	0.894428218189097
chr4	124054028	T	C	3.85597246309131	2.02322381575035
chr13	27830160	T	G	1.57055281833472	5.3672785640172
chr5	98597967	G	T	1.21029435501162	3.29557832061524
chr1	204057881	G	A	4.40203291399555	7.7904960868242
chrX	29771612	T	C	8.95361218482279	1.88718864019912
chr8	18903423	T	C	3.13115781735029	2.00783962767126
chr8	69162030	G	T	1.83145188887864	3.85474744623593
chr13	31642262	C	T	7.47687613247073	1.52698311979884
chr9	21632813	A	G	0.495412821233248	3.07031278995918
chr11	86117509	C	G	1.68639282622466	4.1888215544251
chr12	29752318	C	T	12.7128485189617	2.77627785087267
chr21	42738337	G	A	4.24536308873332	1.20223730328999
chr5	21592829	G	A	1.5066525427155	3.02359844489781
chr5	26224504	C	A	2.74967530753857	4.66671389463579
chr13	52926174	G	A	6.10655918099025	4.01949423235419
chr5	79801466	A	G	1.91589288896894	3.48011549972615
chr14	21336201	A	C	0.545489877917949	3.49846543638332
chr3	168888995	CAGTT	C	6.10107347205336	1.13623972488283
chr4	22270406	T	C	1.27624871325855	3.61155230684058
chr14	87309421	C	A	2.24603297638605	5.91547331178749
chr11	5564667	T	C	1.77089276800293	4.57723999592469
chr5	161164593	T	C	0.997579116518167	3.2898588975247
chrX	26138243	A	C	6.14498316786533	5.557593107905
chr21	26394064	A	G	2.44230095907559	9.19549738509537
chr9	37422279	C	T	6.53002010727675	0.350937749531699
chr5	127122771	T	C	1.45358454813844	3.74906692836875
chr2	239152031	A	G	2.56218607945173	3.50724863274004
chr8	133139695	C	T	9.79148155143342	6.36742771544115
chr5	53983728	G	A	6.67401706900216	3.34958969431131
chrX	130625622	G	A	1.48834236563079	3.8745690905625
chr5	159954474	C	A	1.90792022954826	3.13334610236746
chr11	126402263	A	C	0.640784136901329	3.94515130568016
chr3	16165459	A	G	3.0170147247706	0.992418155145414
chr5	107806890	G	A	1.17290083673979	4.44089931090333
chr14	69296217	T	C	0.663922344023737	8.87065858057163
chr1	79594184	C	T	11.3834249063557	14.9324450921537
chr8	88327492	T	G	6.47835792558884	15.3824059107635
chr10	11737150	C	T	9.42306898891227	5.99547954057954
chr4	14151313	C	T	2.21778743646222	6.73522486926525
chr6	145125290	T	C	1.31824561533942	11.0900603121016
chr4	186576950	G	C	0.997406551862314	3.12515473776889
chr14	27009466	G	A	5.22181657568957	3.35952280042425
chr5	6733328	C	T	2.00069459129649	3.62882726868517
chr5	78806825	C	G	17.7290407213408	2.79650769858228
chr10	115320850	C	A	3.54637883858279	2.31080640571719
chr1	7535065	G	A	1.19514282427693	4.78703847487524
chr16	7930260	G	C	2.68652930895219	3.78572079431279
chr2	151613344	T	A	5.62131063950279	15.584818883755
chr3	126304774	C	T	8.24794563274081	4.82362961402124
chr1	45922185	A	G	4.01934104188674	1.52637692644702
chr1	45786006	C	T	3.47524045245105	0.664136180626025
chr5	15678652	T	C	3.23645806741522	0.671265790875894
chr4	188390468	T	C	2.4099112222621	5.20430803988276
chr4	184165628	T	C	1.25635996536632	4.17054337709675
chr2	177634589	C	T	0.669915022428952	4.53998674036395
chr3	80147160	T	A	1.71332242914264	3.92066661097107
chr3	190339213	T	A	6.02349826020676	1.37895069511708
chr4	171954880	G	A	0.712856915518337	6.97866543700976
chr10	125522432	G	C	4.56070634029672	2.6447976248852
chr21	45748861	T	G	4.05082561187025	6.41114872039239
chr11	24511826	G	A	4.09862078834466	1.55187040958968
chr14	87566994	T	C	1.72080830654166	3.45200860559167
chr12	130145721	G	T	0.839919600041442	5.69199502997194
chr11	10308701	A	G	2.14134686317589	3.53658578524005
chr18	61130875	G	A	4.79656782823662	3.15079951613709
chr10	122643428	G	A	2.9198345798097	6.77861757906185
chr5	144779015	T	A	1.78785360728736	3.63986697145243
chr3	161854663	C	T	7.18569799267727	14.4876883964377
chr6	56362026	G	T	4.42922194483966	9.58132035246956
chr2	79648176	C	T	3.15198854713631	0.944236890337139
chr2	175461644	A	G	1.93632561353969	8.40456915589447
chr11	134915440	T	C	2.0395394677842	4.18469151579556
chr2	212658611	A	G	1.35614516838496	3.39457902278679
chr10	122491574	A	G	2.83484610817854	10.4149248892859
chr2	68798100	G	C	3.80990326198344	1.60735897652203
chr3	158709800	T	G	2.19613591339313	3.22572953014399
chr18	63868920	T	C	4.91061362225434	0.392916803805388
chr10	85851557	A	G	5.77778744896309	8.69741469038747
chrX	69576884	T	C	1.31203320071641	3.8877909372083
chr12	107282222	A	C	1.11739083914822	3.41034354933556
chr9	132549372	C	T	3.55517225558883	0.994373852189883
chr2	146519608	T	C	0.77809221053718	4.19463353803021
chr13	29685259	G	T	4.63094311537307	1.08229440477965
chr11	804715	G	C	2.64163325472766	3.24649039951566
chr9	76755477	T	A	4.24409243494024	0.78522595025759
chr4	70062409	A	G	1.62933970429444	4.03375535637703
chr22	45105695	A	T	21.8581367980188	2.73902899485525
chr16	84501749	A	G	2.10029089254653	3.19660653582344
chr4	12089816	C	A	3.48969382207501	1.0607583618135
chr4	148333518	A	T	2.8855549994314	4.63017470703977
chr12	123997709	T	C	3.24999483997703	1.75220618847678
chr7	21543901	C	A	5.06839401772134	1.99165033788073
chr14	53264328	G	C	2.29534953020815	3.29074088414291
chr1	183077286	G	A	1.05088359792692	4.39406634213925
chr7	127458863	T	C	1.01757399822856	5.44687366710757
chr2	10386254	C	G	1.75862012770781	3.21811715753373
chr14	32035228	T	G	2.93911448664137	7.5546517432261
chr1	90768569	A	T	9.53504753947494	20.5344727147789
chr12	77087543	C	G	1.13795162115151	3.05421909630684
chr2	55282717	C	G	2.5809914008437	3.03554745185203
chr9	85528760	C	A	1.5396044146659	5.74557398213122
chr7	4643883	C	T	1.40817238109941	3.5112910667028
chr10	28984646	G	A	3.30289805704673	7.83857631204038
chr13	110011910	T	C	3.3588064441071	6.03481781266155
chr9	16195064	A	G	1.19068850336937	3.42706844693981
chr14	102644252	A	G	3.53579560198996	6.74133081660171
chrX	47819149	C	T	5.84361475111764	2.86045785974336
chr7	92948955	T	C	0.69800618062683	3.02437750269798
chr9	9247105	C	A	5.54088130393414	2.49159844223286
chr3	196338600	T	A	22.43183032428	4.16332488179081
chr11	63540120	C	T	3.98125546502731	0.581460490307833
chr15	30885273	C	T	13.6026753220438	3.67200042551926
chr14	88029737	C	T	2.70858572350595	3.57134295396838
chr14	62329454	C	T	12.407741423965	5.91457603319676
chr13	95353787	A	G	0.57386372194634	3.8695062019404
chr4	69067547	T	C	1.92834631857834	3.54645487489768
chr16	61457515	T	C	0.961423859431827	3.20113531404614
chr13	111857730	T	C	0.780052187888081	4.09415424837088
chr1	209971953	A	G	1.69614302587546	3.18534929455523
chr17	1898578	G	A	1.60529818444351	3.87025705286236
chr11	121501697	C	T	5.74574787479569	1.81721113941606
chr1	168454620	A	G	3.06507189612502	6.00071948485239
chr15	26761492	CAG	C	4.38744654057374	6.37357158740863
chr4	186150362	G	T	1.05635904636367	5.45441716568255
chr1	216835567	C	T	8.25972706160814	6.29213197091381
chr4	77342413	G	A	9.60201262567155	16.4852565578881
chr15	86830371	T	A	3.27138883177928	3.49774486052761
chr5	76761123	C	A	1.99891454623596	4.39914541066593
chr21	39118377	A	G	3.24750073234302	5.46634000911445
chr15	86999373	G	C	1.26009535396003	3.51624028881592
chr4	165440462	C	A	4.04324469059849	2.70357541300287
chr8	69116647	G	A	4.93865760114128	1.56737159323631
chr11	117982618	G	C	2.46947021453389	4.63345769870112
chr4	94082490	T	C	1.59640492776131	3.47454046197817
chr10	26380901	G	T	4.82139923433538	1.74586049034493
chr9	114551935	G	A	9.64224773365829	3.28081157866012
chr6	165885859	G	T	7.00966223931367	2.66500315804623
chr1	36651624	C	G	1.31379720737741	3.1395947812724
chr3	197489846	C	T	2.59252406146134	5.76697499612742
chr5	157215963	G	C	10.5581059304238	1.97999673694341
chr2	238235852	T	A	0.399849016180042	3.2799867773644
chr1	7372718	G	C	17.8261148561781	29.9265952637385
chr2	81985421	T	C	88.5438492460901	19.6230873154953
chr6	40399048	A	G	5.01536168038445	1.55095431946191
chr6	28080846	T	C	36.7734028570689	19.7248403297151
chr2	223696990	G	C	4.35661312747845	2.49888358118991
chr11	42415403	C	A	3.37065072202498	1.59940385300471
chrX	6729715	C	T	6.33686545318063	8.41476612909857
chr4	176195628	T	C	41.7135166163686	27.651189861434
chr12	3947904	T	G	3.54671675435875	10.6326668602013
chr1	37250355	C	T	2.53442507253379	3.95552561839564
chr6	27762285	T	C	1.90363984047804	3.0495157138616
chr11	12280884	A	G	1.46266539536352	6.44072986503462
chr5	19840836	C	A	6.43563959565138	0.631607809563669
chr4	91279830	C	T	1.82481651330259	3.13197875614433
chr6	12801735	A	C	6.31123071240382	1.07937624557183
chr2	231615298	A	T	6.80471374493175	1.25387159278406
chr10	126581495	T	C	0.820637840034037	3.56584444567113
chr5	140303444	A	G	22.2349202748195	13.6136494680332
chr12	6493347	T	C	43.0418724448972	23.7456843692507
chr8	37216392	C	T	3.42297244696116	1.93937766368454
chr12	25881123	G	A	0.925179522697557	15.9217298928113
chr6	155247747	A	G	8.68512715562212	1.00204679980528
chr1	108963765	A	G	2.95358066569402	6.23969275500835
chr6	34017372	T	C	6.88552304053224	30.3816107902142
chr4	120295244	C	T	3.33514487795897	1.34537825991907
chr10	13987682	G	A	3.49843120635416	10.8811764734734
chr11	25317442	A	G	1.48158148067941	14.447357985883
chr6	96819962	G	A	4.16599372488861	2.91530872839514
chr9	38227881	G	A	1.8054359698294	3.80385309562288
chr13	94130065	G	A	4.20299136473969	0.980323450369977
chr19	45189503	C	G	0.54121417810116	3.34433046807869
chr6	112199050	T	C	3.84971830119446	0.960111517176226
chr2	219656051	T	C	3.27926405486485	1.87178875172088
chrX	42888833	G	A	2.91021410809826	3.66950782886989
chr7	116046737	T	C	3.16902774650283	1.36704752205012
chr6	168836476	G	A	1.51573938704017	4.32861898912393
chr11	69744650	T	C	13.1401656218629	7.66613853134037
chr2	159744563	A	G	1.51027230441994	3.19924365365104
chr19	53508675	C	G	1.4812420515858	3.72042059250593
chr1	76070735	T	A	1.23035255143594	3.37513567206411
chr5	81766351	T	G	0.956249766206757	3.25922410862209
chr19	21228023	A	G	1.24370231525326	4.93940569396105
chr1	169114917	A	C	4.46624560191562	6.66580932275085
chr5	160274701	A	G	1.28325443982234	4.24983499497157
chr2	210735587	A	G	9.3632067529287	20.6298556982704
chr6	16402528	G	A	10.5953917108835	0.75398263064243
chr5	137235039	A	G	3.162116840314	11.8366381482696
chr16	8620685	T	C	1.76250613174919	3.03971875820532
chr8	46445054	C	A	9.3955461807708	1.6191407436607
chr2	31447242	T	C	2.05541573832636	3.05799380872165
chr4	70254166	T	A	1.09151587283304	8.18532708536849
chr4	145805809	C	T	4.12151260117824	0.838561716307356
chr1	212724515	G	C	1.61034356753825	4.72444860547696
chr6	169182890	A	G	3.84402186449978	1.45367500663267
chr1	237948147	G	A	3.02764186682996	1.0340819101679
chr8	81448894	A	G	1.13803211967777	11.9767959441615
chr3	110073100	T	C	7.7665985992651	4.49624757311884
chr5	149113088	T	C	1.17444929878105	4.79946979292304
chr15	49155815	C	A	48.1683178255117	17.3135298978409
chr9	1765749	G	C	3.20822099476955	12.4844868425499
chr3	190339512	T	C	9.32201356268236	1.49928424205097
chr10	46294474	A	G	2.13080321772261	3.9071998599881
chr17	45691722	T	C	1.28677158690371	3.07589999697334
chr3	82933447	A	G	1.47364694834761	4.41191835647241
chr14	64243432	A	C	3.13246622932282	6.82852647827716
chr2	229116392	C	T	3.69692505095367	2.03671972915874
chr9	9247320	C	T	2.74439241113664	9.56944420844359
chr18	49878649	A	T	10.0271669764571	1.76273981898817
chr2	51624775	A	G	2.10700787678732	3.50971522446198
chr10	126190293	T	C	0.890314183854136	4.0443739436894
chr16	88754125	T	C	0.85853023125212	3.02403017422806
chr2	24528870	A	G	1.48334607034442	4.89962227780443
chr12	47356480	T	C	1.06641332830951	3.22123719233696
chr9	75597212	G	T	2.14176679132748	3.37135272013183
chr22	22655654	C	T	0.641066812254536	3.08057694156492
chr19	16316796	A	G	2.9408006918087	3.39224123880723
chr3	29867640	C	T	2.02500555383867	3.01679289160056
chr6	10073802	T	C	5.03274645032758	17.3828022924447
chr4	131053308	C	T	3.04369291338324	2.17958532232728
chrX	113546396	T	C	3.43283407442873	10.3197175645411
chr5	137200521	C	T	2.11249151453593	3.53854264300251
chr3	36251999	C	T	3.10430594460069	5.22686855529011
chr19	50891030	C	T	4.34249911024919	2.27711122337461
chr7	128104440	C	T	3.64952098967884	1.52968353564355
chr17	53438994	G	A	1.12356491218419	3.28602344386394
chr6	102401531	G	C	3.07986324864619	0.854056712367461
chr14	48867377	C	A	3.3042627883056	0.947554262829222
chr16	13606533	G	A	15.9879862552144	2.48786229122572
chr21	35081238	A	G	3.15266819456832	3.62341146978652
chr11	11304757	G	A	7.87335414700328	4.78738760440227
chr18	30924380	C	T	0.891302784071111	4.51495834025208
chr12	30794799	A	G	27.9918881422284	46.5255214833025
chr6	149678018	CA	C	2.04590655152008	3.76699968963933
chr15	85494226	T	C	3.52037989006586	3.26633231455338
chr8	57407167	C	T	2.03040367324567	4.02729808639036
chr2	120256568	A	G	3.21818295346795	4.42592797853376
chr6	131795564	G	C	3.78985674649084	2.05172011826541
chr20	60497487	T	C	3.37439180313588	1.25446816077809
chr12	13568214	A	C	2.66647131536276	7.34216527675651
chr1	165630909	G	A	23.5752493853568	10.215677748789
chr14	95615018	C	T	4.99757907183392	1.95918574347403
chr11	110801010	A	G	3.22567168642456	1.38054160265484
chr17	69430471	A	T	3.1648803807839	7.21975385975533
chr3	125671870	T	C	3.37714871137843	1.2624497392372
chr18	57072745	T	C	0.615193024010378	3.02208468544336
chr17	69610865	A	G	1.32349943757217	9.30053629603256
chr16	79722212	T	C	1.38312820195575	5.32580800855112
chr8	129490851	C	A	3.88809647845681	1.27205457135425
chr1	41835985	A	G	2.39858712522977	3.91436495324454
chr5	34841474	A	G	1.05303140190168	3.20007071650092
chr8	130728493	C	G	3.00161129530076	1.53920810983045
chr3	115505931	A	G	7.80795899620023	0.627502786546034
chr4	119203150	A	G	1.67821349510238	5.08890123729517
chrX	81279847	G	A	1.01988043647356	6.51130587182998
chr20	56412160	G	C	1.53452175511944	3.54852590373833
chr20	5220973	C	T	1.31925139477182	3.42025542350444
chr14	22823039	G	A	7.26305989792068	2.83252107076963
chr6	61554703	G	A	8.87948838674215	1.47673458160338
chr21	40648092	A	AC	0.735675714196962	8.56824851246779
chr6	134364062	C	T	3.51021367163784	1.58862984420625
chr2	238127296	G	A	2.50101069735552	7.45695321647537
chr7	112393732	T	C	0.99101241529742	5.61454129630451
chr4	156245990	C	G	9.6404308247445	1.70478885466887
chr14	22519994	C	G	3.37745428759852	2.18614654275534
chr11	79018325	T	C	1.82454370696143	3.35851324529913
chr13	67791268	C	A	1.62862967299245	6.4252626450968
chr14	84833751	C	G	8.53586715172485	0.692870243968219
chr10	5307134	T	C	4.16610095922705	1.57196825300423
chr6	28959357	T	C	6.84771045167709	33.3159333963975
chr3	96471155	C	T	3.14457195048392	1.50643336024377
chr2	189440723	A	G	1.90369284081807	13.1720253183496
chr21	34558391	A	G	0.928565401500599	4.3110347135679
chr9	4262497	T	C	2.60502789381605	3.17869891223561
chr2	75851944	T	C	9.3844362167529	2.7532911223822
chr12	15049575	C	T	1.27867838257031	3.14660131924324
chr18	79355514	G	A	1.31835376761708	4.07895673359159
chr3	42500106	C	T	2.43752818683304	4.23747436276478
chr11	45036931	G	T	1.8218217803928	3.59466705526607
chr1	163680136	A	G	0.518813705598083	3.93468513719049
chr3	155417025	A	C	5.86443353442204	0.828944743848969
chr6	76640095	G	A	5.42196405715654	0.924041733255606
chr1	244308907	G	A	3.39231943964774	0.494530275636729
chr7	55255761	C	G	2.95973136118398	7.05789618365147
chr1	57902869	C	T	24.4795572320774	38.633385180191
chr13	44188981	C	A	3.72973746258333	4.79066241543462
chr3	162985026	G	A	3.38340805104739	1.07093642855652
chr5	7779581	C	G	3.94321795777326	6.06802463524152
chr5	8478546	C	T	8.78580520703792	4.37452776403033
chr19	51714698	G	A	1.06601132710141	3.51307749911329
chr4	189181766	C	A	0.907211340603485	7.27352754764224
chr4	13159164	T	C	3.02518618107562	8.77336837367526
chr2	83063749	G	A	1.67111711086684	7.39926746420377
chr3	99002193	G	C	2.64458819027633	3.03716152654174
chr5	149808565	T	A	3.07994479315927	0.590072306411366
chr6	142737555	G	C	2.64522730717418	14.7396199122525
chr9	118651745	C	T	15.3291763577444	3.65400416668348
chr9	555765	G	A	1.70740104640684	3.39920713649811
chr18	5130770	T	C	1.0604057867214	3.1008747087173
chr8	126580336	G	T	4.48586710072967	3.40066796962844
chr8	60815242	A	G	6.88885415609992	19.4343138575768
chr10	2435280	C	T	1.20158960363252	3.66763616508237
chr15	53910413	T	G	2.73808854445142	4.99283646825527
chr2	216083796	T	C	3.50901519299891	1.01559780065577
chr4	37717469	A	G	2.62185272472918	4.06126496384246
chr17	33461263	C	G	3.50391507887535	10.9091139580602
chr5	118971062	A	G	2.4601959057393	3.67853361191089
chr14	76267705	C	G	4.84248792536719	2.755067427305
chr15	93359239	G	A	9.85076700916403	4.32422259643673
chr13	76224139	A	G	4.65079767388404	1.69688681343845
chr1	50757330	T	C	4.12224340591074	0.180046414423829
chr6	86581822	T	C	3.2156184483651	2.28616645160939
chr10	107496844	A	G	1.30831365698701	3.46535986766877
chr6	30808616	G	A	1.24160514165405	3.14569751548396
chr15	78661443	C	T	4.778733887182	9.82790902156252
chr15	67109408	G	C	7.83968143629025	3.73740336448527
chr7	25028779	G	A	5.48403413709485	10.106164445142
chr18	71237308	A	G	6.70008779356519	20.4336327173946
chr6	6017390	A	G	3.46356566450927	0.77630543012754
chr4	93645360	T	C	3.62010510180205	0.854772474176038
chr7	104069665	A	G	2.91469429404573	29.9757796507003
chr3	62011885	G	C	3.99801142766669	6.55214857239049
chr15	101567155	G	C	2.98699423841407	4.79654870228657
chrX	78956676	C	T	1.02626940610045	3.01501612819392
chr5	123997805	C	T	7.744546966108	2.97647235958242
chr11	58316736	T	A	3.35544002232157	5.37824330554184
chr11	134888626	T	A	2.2791979651701	5.39262430175692
chr7	104794766	G	A	1.67481621638535	3.43661981725551
chr4	56371898	A	G	1.75576886166748	4.22623876517528
chr17	10921253	C	A	3.31029700201683	1.59655641138065
chr5	27900973	G	A	1.39400977528996	4.20982828403793
chr1	183186347	C	A	1.59433595095963	5.33018055969403
chr6	33064586	T	A	1.10030160595395	3.25490935001529
chr13	106358513	T	A	4.12864007491353	2.95032727372334
chr1	7318120	A	G	3.36411970778126	3.25785191093265
chr21	15543714	C	A	3.04416356842623	1.64427939981918
chr13	105410568	C	T	4.11558750300921	1.78328819106101
chr6	573088	T	C	3.08508750631862	4.68559898885629
chr5	151879832	G	A	2.41595847041018	5.66208811755757
chr8	39950863	C	A	16.2860785863795	9.65032569112897
chr6	165737942	C	T	0.407727605268325	3.16319511517726
chr2	63199088	T	C	1.20606995153826	5.08344490805911
chr16	72990377	C	T	2.50963166409907	4.06588234657471
chr17	71194833	T	A	0.572156479357349	4.99671237525177
chr5	83347546	G	A	15.5308298133519	2.35943814431882
chr20	21981282	T	C	3.03212631634467	2.07287576683115
chr5	84240939	A	G	8.47894267937188	1.64540089283469
chr2	9287205	A	G	3.04571427243558	2.59028050035375
chr1	165630742	A	C	14.4230589335083	9.62062625791962
chr10	26698003	T	C	4.87527175231245	1.12506252674463
chr10	52745317	T	C	1.03036613285593	5.04430535362217
chr8	6018538	G	T	15.771629156538	30.1922134560182
chr11	9741547	A	C	3.72825157486792	2.26438590194054
chr9	84313793	A	G	1.20697483017197	3.40360074657373
chr8	122568829	G	A	1.22067565897333	6.81746207356967
chr19	40908458	A	T	4.03299837800271	1.42977385681302
chr16	88651867	C	G	2.07333274648401	7.19663916745249
chr2	58607050	A	G	4.08337228345567	11.1484998363599
chr18	76566327	G	A	3.68878279989967	2.44236444330719
chr13	73334883	G	C	1.23114841808099	3.47281204472407
chr12	63237269	A	G	1.1048525402499	4.2762520248387
chr3	15616386	T	C	2.15741695180281	4.56730023252252
chr16	27039237	G	A	12.4356032089569	3.3614362568758
chr15	92629842	A	G	3.71688466554855	14.8804378801116
chr6	151092692	C	A	2.33735573667135	5.69162022247138
chr4	172273357	A	G	5.97019348098987	0.807682212923958
chr1	91720100	C	T	5.83015630728897	2.25106416461092
chr7	124728139	T	A	0.734118156540308	3.70418676517224
chr7	8306262	T	C	14.4431411776163	3.38322022837073
chr17	57776637	C	T	1.24529619300797	3.10399346569484
chr2	162164613	C	G	0.537090154566137	3.4953859674632
chr1	53136029	A	G	5.84337986324207	3.48289214991326
chr4	38324954	T	C	43.6993014929238	9.45910551694243
chr12	9687442	C	T	5.05050774167083	1.32068123434472
chr1	223631587	G	A	3.20644913762208	0.542452765679466
chr10	63554019	G	A	12.2007900656923	28.2485524230207
chr2	132956569	G	A	4.84445720589618	5.62976450178162
chr5	160732313	A	G	3.00191987254302	1.02283388807437
chr13	43180636	C	T	3.75129496923793	6.74634075899971
chr1	234628208	T	A	1.67612919760973	3.20852424023423
chr15	27690846	C	T	1.81765576478518	4.71080586850916
chr10	53275196	G	A	1.55938369307916	3.8268112818179
chr16	87118239	A	G	2.15660358556546	6.2079772766604
chr4	76366880	G	A	0.677559650129587	3.11638814946618
chr10	119686739	G	T	4.05607042724015	7.72259862818693
chr1	185512652	G	A	3.08435655515772	1.50007689393566
chr1	91736878	C	G	2.71791676374299	4.14827645003089
chr3	168970128	C	T	0.902789770663	3.08076477401883
chr6	7701778	G	A	3.73353330533734	0.668577467677444
chr21	31352098	C	T	3.60286876952814	1.64835687092487
chr17	49741459	C	T	3.09312359152526	2.85670283967633
chr10	28057406	C	T	8.11018421696888	0.835127662702455
chr14	95627679	G	A	3.91365845514069	7.52076763936009
chr6	148324800	A	G	1.33470813771695	6.25076926083213
chr1	222334521	G	C	2.60048115577438	7.54774367499442
chr9	470259	G	A	69.9414458050489	34.6760601564097
chr6	126124815	A	G	3.14467815074767	6.32465202904411
chr4	103929012	C	A	1.65602445538661	4.30542153055052
chr1	92951128	A	G	1.78124921030641	3.46176922532755
chr14	86471282	C	G	1.20076714568744	3.50446612658032
chr2	234669818	G	A	3.04864283791325	1.89203387910866
chr19	33287800	C	T	1.42170057492552	3.86129781756837
chr3	158588617	A	C	1.4511708712046	5.42258288847081
chr9	19037291	G	A	1.44505307134425	3.15269093688147
chr22	24965078	G	T	0.64273173945681	4.00497873693794
chr2	56276095	C	T	4.55533878683271	6.33730378044176
chr5	21824238	G	T	1.42798909041815	3.62281475325573
chr20	60483110	A	C	4.73637745956804	2.1457633176979
chr15	90780040	C	T	4.27544224768474	1.69172921390019
chr11	20889875	C	G	3.35669014694032	0.955932734653014
chr1	224542841	C	T	21.3717630119312	3.70009900880458
chr19	40150410	A	G	2.93258418603252	5.09411074251246
chr2	10331540	A	G	5.03337698357322	2.39741507116785
chr8	14108990	T	C	4.20209120523131	19.0985148168179
chr7	157503371	A	C	3.75113188568601	4.9073268541756
chr8	81652967	A	G	2.28700224357701	5.64014696257187
chr6	116462167	G	A	12.5835486487507	4.63992564028583
chr9	101414624	C	T	1.1688293968464	7.02540418998925
chr10	110305697	A	G	1.59957281090681	8.39617155200384
chr6	21874128	C	A	4.9566117375405	4.46702168749833
chr1	203357347	C	T	4.6709861453292	1.51063286502737
chr13	28579548	A	C	4.72660439884168	2.82137251521842
chr3	172938939	T	C	2.88075003501893	4.75144535386817
chr17	79087071	G	A	11.5826448519237	1.39959295306635
chr4	45034919	C	T	47.1500009733268	13.0186981619698
chr7	42567314	C	T	15.176447075717	60.0264775988651
chr7	35707675	C	T	4.09312835909064	2.27604013347607
chr8	8625783	G	T	3.09754376688354	1.96538457988948
chr12	123676485	G	A	1.54836897256704	3.55254099208552
chr1	188488933	T	C	2.08437342494289	3.07549021667259
chr11	107256980	T	G	3.17426839313864	1.14002995974671
chr2	63279962	A	G	7.93185501680055	3.90549985755899
chr22	43938596	T	C	0.84008578938639	4.76480477630757
chr9	6716376	C	G	4.96499161913584	10.3748701398763
chr3	1843267	T	C	7.24447527793615	1.08131750683889
chr6	109644271	G	A	0.897048247294296	3.24498460702705
chr8	133890494	A	T	3.38446357799091	5.83940252468903
chr12	94099665	C	T	1.78834978333351	7.85184443939658
chrX	85086800	C	T	1.35065623038293	4.8035965978913
chr9	78357852	A	G	11.2286648880672	26.6447420262691
chr10	67840244	A	G	1.5589190091413	3.44216865484433
chr4	112448598	T	C	0.759564383803117	3.71809015393735
chr3	82680296	A	G	2.1218161058335	8.09231302810724
chr8	79936711	G	A	0.45628830904365	3.26542414129506
chr3	8341967	T	G	0.783633564970684	4.27093745488269
chr11	70342469	A	G	2.51489584113386	4.88324925745668
chr6	32458475	G	A	6.61830945050009	3.63971382019867
chr7	35493381	C	T	1.36856159045594	4.45893283294691
chr22	48665557	T	C	2.38202730031196	10.4736888358623
chr1	246262343	A	C	0.694350716050414	6.00346848438561
chr8	77247813	G	A	3.6817471150009	0.576427007146526
chr5	112963248	A	G	1.61614235791694	3.829984329327
chr2	182617158	T	C	1.7195887413461	3.84112565228913
chr11	25847977	C	T	4.62538731685023	1.41635351341365
chr4	190093492	A	G	1.31750550749417	4.83643837487849
chr7	116296144	T	C	0.724308530354953	4.60755672094052
chr7	68221423	T	C	4.5068385136852	1.33021361558913
chr10	69560602	A	C	0.865442712811163	3.7070095500364
chr12	108026474	C	G	3.81725091076733	0.328399332129004
chr4	81448006	C	T	2.16600499194988	4.61405541345542
chr15	85370944	C	A	1.05926934787048	13.6698783375349
chr7	151688267	C	A	8.131488604329	4.33344481722868
chr12	24209935	A	G	3.71750573083053	1.68124140652131
chr4	172168492	A	G	2.80343887700589	4.43887023242759
chr9	18826050	A	C	4.43209868687611	1.05897769697523
chr11	92585932	A	G	1.00220989015971	3.54877738788751
chrX	29991979	C	T	3.14207463338324	1.70668905360335
chr12	22712155	C	G	3.92824334186974	1.30374718232925
chrX	4129711	C	G	7.01881338691631	3.34218692102411
chr16	952178	A	G	22.1537340544692	10.7253849790583
chr7	53470694	G	A	3.5063587159521	4.93404915352145
chr4	166252295	T	C	3.01820510109546	0.236351826974229
chr2	223654353	G	T	2.85020359493884	14.4908435500498
chr3	178989455	G	A	3.38346509615318	1.36303441758493
chr1	34625788	A	G	3.96803943173144	7.23755561637081
chrX	112164115	C	A	3.93783059931528	1.76396133687573
chr10	37526086	G	A	10.9745232036286	1.97094998018517
chr7	26616340	G	C	2.57697069191282	7.53519612253736
chr17	67280192	A	G	0.708645611720614	3.46330547124024
chr11	61828092	C	T	2.41692980466269	14.6550726311171
chr1	201454148	TGAGA	T	3.58472397997532	10.0531280447607
chr10	131135850	A	G	2.29704979949051	3.47423730327431
chr18	54206775	AAG	A	1.64240235699293	3.4486645308627
chr4	163381862	C	T	11.9969472579789	4.36752276758113
chr11	121305689	C	T	1.13896980191851	4.26210637326917
chr14	98921543	T	A	4.32939230536784	1.24270516417946
chr11	5864481	C	T	1.5799491828224	6.93356058156075
chr8	90097987	A	C	12.2035123787032	16.8279081203804
chr3	112671994	C	A	2.03991467926311	4.5122362653621
chr1	21805721	A	G	0.989388343926312	3.65320265693189
chr5	5132528	C	G	5.44620236921455	2.45873224974543
chr5	10469913	G	A	5.37064285395349	1.4961569318172
chr9	119490081	C	A	1.31388540756619	3.10061188573109
chr4	112272390	C	T	3.92666266644146	0.807480589572526
chr10	92690476	G	T	8.26744139408736	3.63977290810278
chr6	32752754	G	A	4.87129334891543	0.803147176978965
chr6	90476023	C	T	3.3447893335925	0.177212777442541
chr1	5602842	A	G	4.92942699013382	1.00209341084262
chr1	204468443	G	C	1.64196235341593	4.87699789835318
chr2	48711116	G	A	1.8321034173461	5.34852578912696
chr9	78370568	T	C	1.05981652541917	3.67469443527498
chr8	11676844	C	CAAA	1.63778068502495	4.20829934764242
chr11	132514702	A	G	1.12289871482596	3.15442535412449
chr6	151592575	G	A	4.29793111857225	15.9079868498686
chr2	64821478	G	A	3.79557147268249	2.2526966184274
chr5	169415763	T	C	5.48994622253766	0.792268708116185
chr6	166259743	A	G	2.19061515366249	6.82371749071114
chr6	117221317	C	T	2.29959528478436	4.97050937779887
chr6	33566936	G	T	7.93997709116272	2.16591496515803
chr11	33063371	T	A	4.42697345202944	0.654947148035887
chr3	130212510	C	T	7.50463610624525	0.74589812070315
chr15	67128380	A	G	1.41488558302838	3.3195666721675
chrX	82816512	T	C	4.15237788216801	1.22378848583701
chr6	30752534	C	T	12.5927255169391	5.9898772754695
chr7	98528006	C	T	5.75628685631604	1.52852132498231
chr14	64873692	G	A	3.03785427853396	0.886052477962004
chr9	113564608	T	C	1.38218882473942	3.75504570996875
chr1	61618789	A	G	1.87904771807716	3.95990399863618
chr12	75138885	T	G	5.57121379918784	1.63313763054618
chr1	151598069	C	G	1.61511635420355	7.27493749867357
chr3	135922442	C	T	1.5175120248228	4.73718232185015
chr20	36774227	C	G	8.51858281690958	6.23477672577396
chr3	139356886	A	G	0.953610038109759	3.69593327065379
chr12	83469201	A	C	7.64241350351482	0.949483273275127
chr13	34566953	G	A	3.46194688776689	1.04850315162617
chr14	33762513	A	G	2.38378821775156	4.07987707632163
chr1	107543244	G	A	4.51695224152755	1.75838064213646
chr10	14213973	G	A	12.6848954310395	2.78764752170617
chr16	7890901	G	A	4.02345843578589	0.897100878837912
chr9	89422321	A	T	1.61031381339091	5.0471193413211
chr5	109895523	T	G	3.4490992724737	1.77501417396341
chr16	77174472	C	T	0.759884965276137	4.09224167137246
chr22	24208585	T	A	9.72653428431386	19.4201606046746
chr2	137699791	T	C	3.50687216272293	1.06811031745656
chr8	81779105	A	G	2.61109339023145	3.78630937356702
chr1	45679195	A	AG	1.17055474293334	3.16512863318569
chrX	27128811	T	A	0.611736502092118	5.18289411038546
chr18	51615451	A	G	1.29844129088544	3.05115229567927
chrX	31333944	T	C	1.66641161968759	3.9655883402399
chr11	22129974	T	G	3.85297020952667	4.01643228549973
chr22	44577914	C	G	1.43819833032056	3.34882010314458
chr17	66602390	G	A	4.15479458426935	9.26876387675556
chr2	120994781	C	G	3.48433553419497	1.09452066532304
chr20	24918415	T	C	2.55299364242172	5.14978803868067
chr20	38741575	T	C	0.735132454177688	7.98522594578348
chr10	102372835	C	A	0.910563078014392	3.26754719681108
chr3	42778483	C	G	1.81795064486312	5.37985360487819
chr7	17774405	C	T	1.19589196310236	3.1817861136619
chr8	100986144	C	T	3.88490694417984	1.69072983706843
chr3	10522482	T	C	0.836589346117064	3.79226242511706
chr1	45012091	G	A	42.6196768814851	10.1576369480051
chr4	188934517	T	C	8.39723158482692	4.32967534457263
chr7	117941899	G	A	2.18408513989743	4.97285083983243
chr1	234893954	C	T	25.7522281104523	12.3194663470007
chr8	31155600	C	T	2.58631745497215	5.59710234858586
chr12	125016599	C	T	1.70061853241529	3.47149492524151
chr13	34693437	C	T	2.38439965771733	3.68966484411888
chr15	36590869	G	A	4.09099803301521	0.825281068251191
chr7	34260860	AT	A	2.30297705553721	4.07907518939286
chr17	13549364	A	G	2.87655580686689	3.55787230908959
chr21	42905415	C	T	4.47684296822491	7.18030756736953
chrX	130246095	C	G	1.25304808692528	3.92174019011174
chr2	20030422	C	G	15.7786886378477	5.73695321627849
chr21	38544966	T	C	5.46116544867763	3.32889700321011
chr5	152534901	T	C	1.64728103778029	7.51521199103754
chr4	76495474	A	G	7.80986323377743	0.996958539982741
chr10	4408456	T	C	3.25246129691825	5.2279296622178
chr10	108152942	G	A	0.939118270311304	3.01851891470216
chr2	234874354	C	T	5.61685390874061	1.90454730560823
chr4	16762576	G	A	16.3880863710292	7.13815392066371
chr2	20030770	T	A	3.01445034765575	2.68551458832536
chr12	116863646	T	A	8.19594033398965	21.6725422804175
chr1	31472208	T	C	5.97132587589398	14.2000371854998
chr10	38512081	A	G	0.71642922549267	4.15820396358584
chr1	171351684	G	A	15.7219198933883	2.56536967108995
chrX	103847343	G	A	6.19229352074693	2.01063406127062
chr15	31739842	G	C	0.960891362546089	3.10844335396185
chr4	54755983	G	C	4.03161904925471	8.20692554877145
chr6	111517816	G	A	2.62072728901443	3.4159442912842
chr6	39297010	C	T	2.82400573421587	5.58637867926363
chr6	158454006	A	G	0.810387107890163	3.07863211616712
chr13	98301895	G	A	3.67320982581682	1.84077571517424
chr21	38544925	T	C	6.74736862051317	3.53957380809526
chr4	162684211	C	T	3.67844365324535	2.58292888653857
chr2	15355639	A	G	0.647368490071278	9.40296245900933
chr1	64085665	A	T	3.58677933485672	0.726610159534116
chr7	30997513	T	C	2.89939847354405	3.36405932744508
chr9	11452786	G	A	3.28115705715048	2.72780551435839
chr20	11130306	T	C	4.4876032252429	1.14716044740874
chr7	32220721	G	C	0.862352297038107	9.27861455372128
chr4	154417158	AGTGTGT	A	1.0086132986232	3.74033209816457
chr1	191290606	C	T	4.08781012863329	8.19313923811576
chr4	177404058	A	G	2.8066203288045	9.06287914754727
chr13	81226958	T	C	19.1204838256087	41.1237801717277
chr16	78484960	G	A	0.510276675484387	3.04463635668082
chr5	170216195	G	A	1.01458162681319	3.96373850586191
chr11	113107655	G	A	12.3169216850975	1.81612515337436
chr3	107441970	G	A	1.96103766240086	3.17885988691878
chr14	30514322	C	T	12.5435265372163	0.691610441930216
chr13	36346781	C	G	10.1618590231803	6.70232396294637
chr20	55561508	G	A	10.0711386139703	3.48274695558334
chrX	1790144	A	C	0.808481927109953	3.98424572802056
chr17	41857245	G	A	3.42489378013749	0.615786037195889
chr5	26809532	C	T	1.18314770905561	3.65741293447311
chr13	69006154	A	G	6.2793887681198	1.84317307610862
chr6	153118927	T	C	3.04327992936641	5.89413081600542
chr10	80520384	C	T	8.32579822413002	2.62901640325159
chr11	61616611	A	G	15.1335065990194	48.6877784440864
chr22	43753095	G	A	0.975491014195013	3.11334980785446
chr12	21160451	C	T	1.32822429995559	3.034907396457
chr1	233408999	A	G	2.36137288948514	7.82374522993856
chr1	177946643	A	G	1.85018620115868	3.40503948275332
chr22	29108454	G	T	6.09803719699768	10.8697509056584
chr19	43701884	C	T	2.04043867289755	3.0007392992801
chr7	48312023	G	A	1.96709812653849	3.75416153866006
chr6	160320798	A	G	3.11276958274667	1.36860996625673
chr3	155416958	T	C	11.8279355829578	1.81359409742214
chr10	120608192	A	T	4.36331182789463	12.4744333822752
chr3	104014150	T	C	1.18497921331795	3.04436254264511
chr8	40523220	A	T	1.67991354127574	3.45906926126574
chr1	246357887	A	G	2.58621016273318	3.72108261065099
chr2	120579600	G	A	2.12211882904797	3.30674772316425
chr13	74114360	A	G	4.01382035522985	1.74352021974422
chr13	109274738	C	T	2.34667185765379	3.74887548335604
chr16	82672565	C	G	2.51425299095633	3.23268006903983
chr13	109214935	C	G	4.27001800279182	14.2735159882287
chr2	20132288	T	C	2.8024478039356	9.49969917652527
chr16	54041332	C	T	22.2459898071863	11.3341428779525
chr3	112776321	A	G	11.5585566771131	5.48744433116733
chr8	11737088	G	A	2.4943499026864	16.6970054518997
chr7	127458487	G	A	1.55813017997821	11.5202651039285
chr5	38872553	G	A	8.72390687022951	4.06575613511777
chr5	178357584	C	T	2.1975641170096	3.80059285997191
chr7	120121008	C	T	17.9399370539876	7.32195338735292
chr11	78645453	T	C	1.8429583492725	8.60542240106363
chr16	28534266	G	C	5.20226711495814	1.05506796973506
chr8	76497707	T	C	1.26548256258887	3.16476729421763
chr3	172991167	C	T	0.716821449376526	3.37924035035114
chr1	147289922	C	A	6.36011336446742	3.07170081330032
chr2	59425351	A	G	5.99673119112362	3.7606999125168
chr7	48421251	T	C	1.0017463407649	5.3151648592141
chr4	165750310	G	A	4.80784697338946	1.02728844953436
chr21	45292483	G	A	9.4165362588778	1.23733221453296
chr4	34932611	A	G	3.77293318698132	0.309073583994488
chr1	59785612	C	T	12.704167626173	4.16832581943325
chr9	98324659	C	T	3.3727678723005	5.28178828311297
chr19	54313601	T	C	1.46352700818045	4.39349357819072
chr9	89768386	A	G	1.23912974162108	3.75214449218301
chr12	7718840	T	C	2.21887761498789	4.3258969448577
chr19	46820127	A	G	3.4515315176029	0.738732912269337
chr4	10862155	A	C	5.44591139286077	0.811330031586969
chr14	78107386	A	G	3.44704164105048	2.80790414077901
chr8	8932111	C	T	3.87171673315432	0.342894183800821
chr4	4270159	C	T	4.38785769901035	11.0016579291428
chr13	19273015	G	A	4.56449226832675	1.52251713690539
chr13	33151684	T	C	1.07024152482416	3.32534663664688
chr15	35724886	G	A	1.87998514512407	4.92965125130054
chr10	84535701	CT	C	1.3108831607017	3.06014187735735
chr11	19249603	C	T	3.69922107920741	2.15848246371332
chr8	20380912	A	G	2.7731262661686	14.6588893166357
chr7	47913566	T	C	2.39190924234329	9.18569132002155
chr5	53387329	C	T	37.1673252522646	10.490095385683
chr5	100464518	C	G	2.27333432318839	5.75862242420028
chr18	79744954	T	C	1.28476132839365	5.44975974348077
chr11	12280851	C	G	1.19054420695766	5.45745824807511
chr8	74147056	G	T	3.27396938956278	2.29923644445051
chr2	208046639	T	C	2.01450616207949	3.92074838578123
chr10	32205883	C	T	5.34216479994238	30.2624156266525
chr11	131913427	A	G	1.69968688888013	4.42800414037911
chr8	133968857	G	A	3.3235001086594	0.74263456006342
chr4	94082491	G	A	1.58549177891734	3.46697108334744
chr6	68576237	C	A	6.26390951913851	1.90725175812441
chr4	87807029	A	C	4.56982157852234	8.20983270311198
chr20	61611451	G	A	1.46142467797032	3.67432846834589
chr16	10127009	C	T	8.38850703081873	3.04513819993216
chr16	75202982	G	A	1.71739701614273	3.27297456317761
chr2	219868902	C	T	7.17181860630374	2.53185194246555
chr12	121190485	C	T	14.8371671916282	2.54426783911791
chr8	138541841	T	C	4.43483465352622	4.67954986584567
chr13	111020770	A	G	4.09110848285217	8.16295309065155
chr13	111026296	A	C	3.59261758273332	4.12106436548481
chr1	44072001	C	T	2.27360908210976	4.81325651278141
chr15	51173505	G	A	3.53097657027347	1.96876444058935
chr1	208562450	G	A	0.967196317275297	6.46740238187959
chr4	184165652	T	C	1.54352455398144	3.63801013226666
chr3	135225443	A	G	3.50294751057352	0.822181833737001
chr11	12161048	G	A	2.19934811139152	3.76943141231662
chr5	154390292	A	AC	1.97795329917758	4.73577578477288
chr1	233744028	G	A	3.83017979957199	0.920276058340738
chr16	78030072	G	A	1.63484463875374	6.4583683045832
chr10	70787192	T	C	1.10500544036964	3.28867838320057
chr12	74781097	G	A	1.79719153366639	3.73483601456183
chr1	162742900	G	A	7.19356976063021	1.43893687355428
chr15	26641007	C	T	4.90877513439993	1.66452687342888
chr4	55502968	A	G	1.71211179796676	3.66781656405034
chr12	14936726	A	G	12.969722169367	5.61118082014419
chr5	75412804	G	C	1.36107847738572	4.87941593021614
chr5	126868936	A	G	3.09563959683722	3.62767355265847
chr5	131087140	A	G	1.8473312367587	4.68260224125978
chr6	157716305	A	G	0.892104862906897	3.80310454783604
chr11	3156006	A	T	0.683275601595425	3.26396553079798
chr6	103940062	A	G	5.78617592782359	1.51351023127646
chr8	93886260	G	GT	1.73555044282309	3.93021815950515
chr6	23054710	C	T	0.407603332117233	3.419284060523
chr21	28195659	A	C	3.07165367201572	2.52557432129655
chr17	9334559	G	A	3.58768014498667	7.42496736245778
chr7	23028570	C	T	1.94951021090869	9.18431526693357
chr15	55758596	G	T	5.34191273289244	14.8589084802934
chr17	39694524	C	T	0.883124611481733	6.44843560727229
chr6	6744930	G	A	1.46870463615972	3.0843562914583
chr5	155403474	C	T	3.64836990117273	2.64432608554185
chr4	136331972	C	T	1.22046942559046	3.35349191931583
chr6	152078210	G	A	13.7364353598113	3.33711571166405
chr4	163866921	G	C	4.39049412746113	6.5460491421404
chr12	125342632	C	G	5.39379066133477	12.1120225948576
chr18	59814734	T	C	3.73163747664212	4.62648822624845
chr7	43394852	T	C	1.0784923120652	4.50255498733532
chrX	115487423	G	A	3.95592826905673	1.54680885589836
chr13	89227295	C	T	18.2525495000552	5.65401052099479
chr11	36748842	T	C	2.26112001539947	3.5761060937177
chr15	46209392	G	T	4.76287306785606	4.02675713096658
chr4	188400586	G	A	3.41329978129446	1.30344806454244
chr19	2441769	G	T	1.15324316595199	5.12882213648463
chr10	56083043	C	T	9.55440456523686	18.2300931899759
chr1	244345647	A	G	4.60425088746641	0.57055194341862
chr14	38879845	T	G	0.888116181371136	5.3011134574743
chr3	4916658	C	T	9.27692797937745	5.28742380202665
chr6	165011692	T	G	3.57280764678133	1.41877276415965
chr1	174903082	G	A	2.85966669248438	5.77915507980802
chr6	159761585	C	T	1.21195757270849	3.8995781367253
chr1	90647818	C	T	0.776779751861612	3.3710182505685
chr16	10111344	G	A	12.0860478965311	3.71717879882243
chr14	59454054	A	G	1.97627614658442	3.64002733140571
chr8	4331310	G	C	1.6200999682258	4.2993605798768
chr5	142620980	C	T	13.645408410943	18.5015590382206
chr10	28008319	C	T	6.31757068685975	3.58188216458436
chr8	133890391	TG	T	3.46627774208185	6.9330402793286
chr4	163544594	A	G	3.00914463482638	2.65808672139224
chr1	80264117	G	A	0.950039475388274	5.93027394845953
chr8	107783339	G	C	7.52133773987644	15.0810125218835
chr18	49610022	C	T	5.75413886899332	3.20964223787681
chr4	57405916	T	C	5.42026036491325	4.39348920282189
chr4	154838917	C	T	4.47388402041478	1.47337043945342
chr7	147492824	G	T	11.7953171986846	2.54198830137028
chr14	90785673	T	C	4.88228762928973	1.55027495556026
chr5	26809488	C	A	1.37403975971643	3.7295929398439
chr1	5602714	C	T	3.58256967367352	1.11335892753155
chr2	10092115	G	C	46.2069211457139	1.4159930061084
chr3	54625763	A	G	3.98869939391529	3.88054289233738
chr21	10681001	C	T	0.738759285901371	4.1008210511486
chr2	143588564	C	T	2.05527681937623	8.92272963087401
chr2	135964033	A	G	5.08269391459921	1.41740122553465
chr9	91721477	A	G	4.85243757070627	9.45735621196765
chr9	135111467	C	T	4.13790415817767	3.8739158564923
chr8	8625960	G	C	5.3173048283401	1.43934261364114
chr4	171716388	A	T	0.566013339738095	10.0436120340512
chr13	98443397	T	C	3.05263615490059	15.5286396559955
chr9	135111458	T	C	4.34341042930018	3.81996829310533
chr8	21359607	C	A	3.51316392156959	4.3319285271935
chr5	38764853	C	T	3.44369664986384	6.56548173761437
chr2	19471813	CT	C	2.16469590964715	5.723656658172
chr10	104867372	A	C	4.69682740098105	3.18802109383123
chr5	58322274	T	C	1.7475758988052	3.80119998672031
chr2	59425559	G	A	12.3290870009606	0.929800453072196
chr17	39867492	A	G	3.22791213246872	1.40473157111875
chr10	116479123	C	T	3.07375949834646	1.39085408708402
chr8	93885993	T	C	3.8215169143716	8.19990416996519
chr18	62447617	G	A	0.893277105331552	11.257546834784
